"Date","Time (GMT)","Predicted (m)","Preliminary (m)","Verified (m)"
"2022/03/09","00:00","-0.259","-","-0.333"
"2022/03/09","01:00","-0.131","-","-0.2"
"2022/03/09","02:00","0.01","-","-0.016"
"2022/03/09","03:00","0.163","-","0.12"
"2022/03/09","04:00","0.303","-","0.214"
"2022/03/09","05:00","0.379","-","0.247"
"2022/03/09","06:00","0.348","-","0.204"
"2022/03/09","07:00","0.203","-","0.06"
"2022/03/09","08:00","-0.011","-","-0.121"
"2022/03/09","09:00","-0.214","-","-0.316"
"2022/03/09","10:00","-0.328","-","-0.42"
"2022/03/09","11:00","-0.345","-","-0.426"
"2022/03/09","12:00","-0.313","-","-0.356"
"2022/03/09","13:00","-0.26","-","-0.28"
"2022/03/09","14:00","-0.177","-","-0.143"
"2022/03/09","15:00","-0.053","-","-0.002"
"2022/03/09","16:00","0.093","-","0.168"
"2022/03/09","17:00","0.205","-","0.247"
"2022/03/09","18:00","0.223","-","0.321"
"2022/03/09","19:00","0.123","-","0.104"
"2022/03/09","20:00","-0.061","-","-0.026"
"2022/03/09","21:00","-0.258","-","-0.156"
"2022/03/09","22:00","-0.378","-","-0.221"
"2022/03/09","23:00","-0.382","-","-0.173"
"2022/03/10","00:00","-0.308","-","-0.094"
"2022/03/10","01:00","-0.208","-","-0.034"
"2022/03/10","02:00","-0.1","-","0.086"
"2022/03/10","03:00","0.02","-","0.169"
"2022/03/10","04:00","0.149","-","0.355"
"2022/03/10","05:00","0.261","-","0.469"
"2022/03/10","06:00","0.309","-","0.577"
"2022/03/10","07:00","0.264","-","0.467"
"2022/03/10","08:00","0.137","-","0.306"
"2022/03/10","09:00","-0.034","-","0.108"
"2022/03/10","10:00","-0.187","-","0.002"
"2022/03/10","11:00","-0.274","-","-0.056"
"2022/03/10","12:00","-0.294","-","-0.023"
"2022/03/10","13:00","-0.281","-","-0.046"
"2022/03/10","14:00","-0.245","-","-0.046"
"2022/03/10","15:00","-0.17","-","-0.04"
"2022/03/10","16:00","-0.052","-","0.058"
"2022/03/10","17:00","0.081","-","0.214"
"2022/03/10","18:00","0.171","-","0.329"
"2022/03/10","19:00","0.171","-","0.316"
"2022/03/10","20:00","0.076","-","0.244"
"2022/03/10","21:00","-0.08","-","0.042"
"2022/03/10","22:00","-0.237","-","-0.094"
"2022/03/10","23:00","-0.331","-","-0.153"
"2022/03/11","00:00","-0.335","-","-0.134"
"2022/03/11","01:00","-0.279","-","-0.065"
"2022/03/11","02:00","-0.199","-","0"
"2022/03/11","03:00","-0.103","-","0.072"
"2022/03/11","04:00","0.011","-","0.196"
"2022/03/11","05:00","0.131","-","0.334"
"2022/03/11","06:00","0.226","-","0.414"
"2022/03/11","07:00","0.257","-","0.399"
"2022/03/11","08:00","0.215","-","0.339"
"2022/03/11","09:00","0.114","-","0.196"
"2022/03/11","10:00","-0.023","-","0.039"
"2022/03/11","11:00","-0.155","-","-0.097"
"2022/03/11","12:00","-0.242","-","-0.178"
"2022/03/11","13:00","-0.279","-","-0.201"
"2022/03/11","14:00","-0.285","-","-0.196"
"2022/03/11","15:00","-0.254","-","-0.19"
"2022/03/11","16:00","-0.173","-","-0.115"
"2022/03/11","17:00","-0.047","-","0.022"
"2022/03/11","18:00","0.081","-","0.119"
"2022/03/11","19:00","0.158","-","0.204"
"2022/03/11","20:00","0.152","-","0.169"
"2022/03/11","21:00","0.071","-","0.078"
"2022/03/11","22:00","-0.064","-","-0.032"
"2022/03/11","23:00","-0.21","-","-0.104"
"2022/03/12","00:00","-0.307","-","-0.107"
"2022/03/12","01:00","-0.327","-","-0.105"
"2022/03/12","02:00","-0.291","-","-0.085"
"2022/03/12","03:00","-0.222","-","-0.026"
"2022/03/12","04:00","-0.123","-","0.063"
"2022/03/12","05:00","-0.001","-","0.25"
"2022/03/12","06:00","0.122","-","0.423"
"2022/03/12","07:00","0.21","-","0.551"
"2022/03/12","08:00","0.24","-","0.544"
"2022/03/12","09:00","0.211","-","0.531"
"2022/03/12","10:00","0.127","-","0.408"
"2022/03/12","11:00","-0.004","-","0.279"
"2022/03/12","12:00","-0.145","-","0.198"
"2022/03/12","13:00","-0.248","-","0.137"
"2022/03/12","14:00","-0.304","-","0.121"
"2022/03/12","15:00","-0.317","-","0.121"
"2022/03/12","16:00","-0.276","-","0.144"
"2022/03/12","17:00","-0.174","-","0.318"
"2022/03/12","18:00","-0.033","-","0.432"
"2022/03/12","19:00","0.098","-","0.492"
"2022/03/12","20:00","0.174","-","0.362"
"2022/03/12","21:00","0.175","-","0.18"
"2022/03/12","22:00","0.099","-","0.186"
"2022/03/12","23:00","-0.042","-","0.154"
"2022/03/13","00:00","-0.204","-","0.056"
"2022/03/13","01:00","-0.32","-","-0.088"
"2022/03/13","02:00","-0.359","-","-0.407"
"2022/03/13","03:00","-0.334","-","-0.503"
"2022/03/13","04:00","-0.26","-","-0.464"
"2022/03/13","05:00","-0.143","-","-0.284"
"2022/03/13","06:00","-0.002","-","-0.074"
"2022/03/13","07:00","0.131","-","-0.035"
"2022/03/13","08:00","0.227","-","-0.061"
"2022/03/13","09:00","0.268","-","-0.172"
"2022/03/13","10:00","0.246","-","-0.263"
"2022/03/13","11:00","0.151","-","-0.357"
"2022/03/13","12:00","-0.006","-","-0.443"
"2022/03/13","13:00","-0.172","-","-0.516"
"2022/03/13","14:00","-0.295","-","-0.653"
"2022/03/13","15:00","-0.36","-","-0.691"
"2022/03/13","16:00","-0.363","-","-0.684"
"2022/03/13","17:00","-0.296","-","-0.572"
"2022/03/13","18:00","-0.164","-","-0.396"
"2022/03/13","19:00","-0.003","-","-0.177"
"2022/03/13","20:00","0.144","-","-0.067"
"2022/03/13","21:00","0.231","-","-0.013"
"2022/03/13","22:00","0.232","-","0.025"
"2022/03/13","23:00","0.138","-","-0.077"
"2022/03/14","00:00","-0.037","-","-0.189"
"2022/03/14","01:00","-0.233","-","-0.404"
"2022/03/14","02:00","-0.371","-","-0.593"
"2022/03/14","03:00","-0.42","-","-0.719"
"2022/03/14","04:00","-0.39","-","-0.716"
"2022/03/14","05:00","-0.295","-","-0.601"
"2022/03/14","06:00","-0.151","-","-0.433"
"2022/03/14","07:00","0.015","-","-0.232"
"2022/03/14","08:00","0.171","-","-0.075"
"2022/03/14","09:00","0.287","-","0.01"
"2022/03/14","10:00","0.333","-","0.007"
"2022/03/14","11:00","0.29","-","-0.023"
"2022/03/14","12:00","0.153","-","-0.106"
"2022/03/14","13:00","-0.048","-","-0.241"
"2022/03/14","14:00","-0.243","-","-0.377"
"2022/03/14","15:00","-0.375","-","-0.496"
"2022/03/14","16:00","-0.43","-","-0.569"
"2022/03/14","17:00","-0.407","-","-0.566"
"2022/03/14","18:00","-0.304","-","-0.461"
"2022/03/14","19:00","-0.138","-","-0.271"
"2022/03/14","20:00","0.057","-","0.01"
"2022/03/14","21:00","0.228","-","0.226"
"2022/03/14","22:00","0.321","-","0.345"
"2022/03/14","23:00","0.299","-","0.304"
"2022/03/15","00:00","0.158","-","0.137"
"2022/03/15","01:00","-0.069","-","-0.086"
"2022/03/15","02:00","-0.299","-","-0.287"
"2022/03/15","03:00","-0.449","-","-0.376"
"2022/03/15","04:00","-0.49","-","-0.385"
"2022/03/15","05:00","-0.439","-","-0.285"
"2022/03/15","06:00","-0.316","-","-0.191"
"2022/03/15","07:00","-0.14","-","-0.062"
"2022/03/15","08:00","0.061","-","0.119"
"2022/03/15","09:00","0.252","-","0.282"
"2022/03/15","10:00","0.381","-","0.436"
"2022/03/15","11:00","0.406","-","0.477"
"2022/03/15","12:00","0.312","-","0.37"
"2022/03/15","13:00","0.112","-","0.174"
"2022/03/15","14:00","-0.136","-","-0.085"
"2022/03/15","15:00","-0.348","-","-0.342"
"2022/03/15","16:00","-0.469","-","-0.454"
"2022/03/15","17:00","-0.495","-","-0.431"
"2022/03/15","18:00","-0.435","-","-0.327"
"2022/03/15","19:00","-0.291","-","-0.198"
"2022/03/15","20:00","-0.08","-","-0.013"
"2022/03/15","21:00","0.156","-","0.178"
"2022/03/15","22:00","0.348","-","0.383"
"2022/03/15","23:00","0.423","-","0.488"
"2022/03/16","00:00","0.349","-","0.449"
"2022/03/16","01:00","0.142","-","0.247"
"2022/03/16","02:00","-0.139","-","-0.057"
"2022/03/16","03:00","-0.392","-","-0.345"
"2022/03/16","04:00","-0.534","-","-0.517"
"2022/03/16","05:00","-0.551","-","-0.531"
"2022/03/16","06:00","-0.472","-","-0.425"
"2022/03/16","07:00","-0.317","-","-0.245"
"2022/03/16","08:00","-0.102","-","-0.05"
"2022/03/16","09:00","0.144","-","0.154"
"2022/03/16","10:00","0.362","-","0.344"
"2022/03/16","11:00","0.481","-","0.426"
"2022/03/16","12:00","0.455","-","0.409"
"2022/03/16","13:00","0.288","-","0.254"
"2022/03/16","14:00","0.022","-","0"
"2022/03/16","15:00","-0.261","-","-0.289"
"2022/03/16","16:00","-0.466","-","-0.475"
"2022/03/16","17:00","-0.555","-","-0.51"
"2022/03/16","18:00","-0.54","-","-0.457"
"2022/03/16","19:00","-0.437","-","-0.368"
"2022/03/16","20:00","-0.244","-","-0.22"
"2022/03/16","21:00","0.019","-","0.086"
"2022/03/16","22:00","0.291","-","0.411"
"2022/03/16","23:00","0.479","-","0.635"
"2022/03/17","00:00","0.507","-","0.657"
"2022/03/17","01:00","0.362","-","0.493"
"2022/03/17","02:00","0.084","-","0.212"
"2022/03/17","03:00","-0.239","-","-0.099"
"2022/03/17","04:00","-0.493","-","-0.358"
"2022/03/17","05:00","-0.608","-","-0.466"
"2022/03/17","06:00","-0.593","-","-0.407"
"2022/03/17","07:00","-0.484","-","-0.263"
"2022/03/17","08:00","-0.292","-","-0.082"
"2022/03/17","09:00","-0.03","-","0.125"
"2022/03/17","10:00","0.254","-","0.364"
"2022/03/17","11:00","0.475","-","0.538"
"2022/03/17","12:00","0.554","-","0.623"
"2022/03/17","13:00","0.457","-","0.587"
"2022/03/17","14:00","0.212","-","0.362"
"2022/03/17","15:00","-0.108","-","-0.03"
"2022/03/17","16:00","-0.399","-","-0.362"
"2022/03/17","17:00","-0.572","-","-0.503"
"2022/03/17","18:00","-0.614","-","-0.503"
"2022/03/17","19:00","-0.553","-","-0.432"
"2022/03/17","20:00","-0.4","-","-0.27"
"2022/03/17","21:00","-0.153","-","-0.037"
"2022/03/17","22:00","0.155","-","0.256"
"2022/03/17","23:00","0.438","-","0.55"
"2022/03/18","00:00","0.593","-","0.681"
"2022/03/18","01:00","0.554","-","0.674"
"2022/03/18","02:00","0.33","-","0.462"
"2022/03/18","03:00","-0.008","-","0.11"
"2022/03/18","04:00","-0.349","-","-0.228"
"2022/03/18","05:00","-0.581","-","-0.482"
"2022/03/18","06:00","-0.658","-","-0.523"
"2022/03/18","07:00","-0.61","-","-0.452"
"2022/03/18","08:00","-0.468","-","-0.276"
"2022/03/18","09:00","-0.236","-","-0.022"
"2022/03/18","10:00","0.064","-","0.229"
"2022/03/18","11:00","0.363","-","0.481"
"2022/03/18","12:00","0.561","-","0.662"
"2022/03/18","13:00","0.579","-","0.666"
"2022/03/18","14:00","0.405","-","0.531"
"2022/03/18","15:00","0.094","-","0.232"
"2022/03/18","16:00","-0.254","-","-0.154"
"2022/03/18","17:00","-0.523","-","-0.41"
"2022/03/18","18:00","-0.647","-","-0.537"
"2022/03/18","19:00","-0.635","-","-0.523"
"2022/03/18","20:00","-0.524","-","-0.408"
"2022/03/18","21:00","-0.319","-","-0.186"
"2022/03/18","22:00","-0.025","-","0.141"
"2022/03/18","23:00","0.303","-","0.461"
"2022/03/19","00:00","0.569","-","0.701"
"2022/03/19","01:00","0.668","-","0.782"
"2022/03/19","02:00","0.554","-","0.688"
"2022/03/19","03:00","0.26","-","0.383"
"2022/03/19","04:00","-0.115","-","-0.002"
"2022/03/19","05:00","-0.448","-","-0.356"
"2022/03/19","06:00","-0.643","-","-0.548"
"2022/03/19","07:00","-0.68","-","-0.538"
"2022/03/19","08:00","-0.598","-","-0.462"
"2022/03/19","09:00","-0.422","-","-0.29"
"2022/03/19","10:00","-0.158","-","-0.053"
"2022/03/19","11:00","0.158","-","0.299"
"2022/03/19","12:00","0.445","-","0.62"
"2022/03/19","13:00","0.6","-","0.757"
"2022/03/19","14:00","0.551","-","0.76"
"2022/03/19","15:00","0.309","-","0.494"
"2022/03/19","16:00","-0.043","-","0.129"
"2022/03/19","17:00","-0.387","-","-0.223"
"2022/03/19","18:00","-0.614","-","-0.425"
"2022/03/19","19:00","-0.68","-","-0.44"
"2022/03/19","20:00","-0.613","-","-0.352"
"2022/03/19","21:00","-0.451","-","-0.236"
"2022/03/19","22:00","-0.204","-","-0.003"
"2022/03/19","23:00","0.111","-","0.33"
"2022/03/20","00:00","0.432","-","0.676"
"2022/03/20","01:00","0.659","-","0.917"
"2022/03/20","02:00","0.695","-","0.947"
"2022/03/20","03:00","0.512","-","0.752"
"2022/03/20","04:00","0.171","-","0.384"
"2022/03/20","05:00","-0.214","-","-0.023"
"2022/03/20","06:00","-0.521","-","-0.335"
"2022/03/20","07:00","-0.672","-","-0.464"
"2022/03/20","08:00","-0.667","-","-0.415"
"2022/03/20","09:00","-0.553","-","-0.31"
"2022/03/20","10:00","-0.355","-","-0.131"
"2022/03/20","11:00","-0.082","-","0.186"
"2022/03/20","12:00","0.226","-","0.468"
"2022/03/20","13:00","0.485","-","0.72"
"2022/03/20","14:00","0.589","-","0.767"
"2022/03/20","15:00","0.481","-","0.646"
"2022/03/20","16:00","0.194","-","0.375"
"2022/03/20","17:00","-0.17","-","0.024"
"2022/03/20","18:00","-0.488","-","-0.267"
"2022/03/20","19:00","-0.662","-","-0.424"
"2022/03/20","20:00","-0.666","-","-0.436"
"2022/03/20","21:00","-0.545","-","-0.381"
"2022/03/20","22:00","-0.348","-","-0.205"
"2022/03/20","23:00","-0.085","-","0.085"
"2022/03/21","00:00","0.224","-","0.396"
"2022/03/21","01:00","0.52","-","0.719"
"2022/03/21","02:00","0.701","-","0.873"
"2022/03/21","03:00","0.678","-","0.84"
"2022/03/21","04:00","0.447","-","0.58"
"2022/03/21","05:00","0.085","-","0.189"
"2022/03/21","06:00","-0.289","-","-0.214"
"2022/03/21","07:00","-0.558","-","-0.5"
"2022/03/21","08:00","-0.661","-","-0.583"
"2022/03/21","09:00","-0.618","-","-0.557"
"2022/03/21","10:00","-0.486","-","-0.431"
"2022/03/21","11:00","-0.288","-","-0.258"
"2022/03/21","12:00","-0.029","-","0.012"
"2022/03/21","13:00","0.257","-","0.294"
"2022/03/21","14:00","0.481","-","0.53"
"2022/03/21","15:00","0.541","-","0.614"
"2022/03/21","16:00","0.392","-","0.488"
"2022/03/21","17:00","0.085","-","0.202"
"2022/03/21","18:00","-0.269","-","-0.182"
"2022/03/21","19:00","-0.547","-","-0.488"
"2022/03/21","20:00","-0.661","-","-0.592"
"2022/03/21","21:00","-0.607","-","-0.527"
"2022/03/21","22:00","-0.451","-","-0.365"
"2022/03/21","23:00","-0.245","-","-0.159"
"2022/03/22","00:00","0.007","-","0.087"
"2022/03/22","01:00","0.295","-","0.358"
"2022/03/22","02:00","0.559","-","0.578"
"2022/03/22","03:00","0.697","-","0.712"
"2022/03/22","04:00","0.633","-","0.688"
"2022/03/22","05:00","0.378","-","0.484"
"2022/03/22","06:00","0.017","-","0.114"
"2022/03/22","07:00","-0.33","-","-0.261"
"2022/03/22","08:00","-0.553","-","-0.487"
"2022/03/22","09:00","-0.608","-","-0.543"
"2022/03/22","10:00","-0.543","-","-0.502"
"2022/03/22","11:00","-0.417","-","-0.425"
"2022/03/22","12:00","-0.242","-","-0.268"
"2022/03/22","13:00","-0.007","-","-0.045"
"2022/03/22","14:00","0.253","-","0.202"
"2022/03/22","15:00","0.448","-","0.384"
"2022/03/22","16:00","0.477","-","0.392"
"2022/03/22","17:00","0.309","-","0.259"
"2022/03/22","18:00","0.002","-","-0.028"
"2022/03/22","19:00","-0.328","-","-0.357"
"2022/03/22","20:00","-0.558","-","-0.61"
"2022/03/22","21:00","-0.614","-","-0.656"
"2022/03/22","22:00","-0.522","-","-0.567"
"2022/03/22","23:00","-0.362","-","-0.404"
"2022/03/23","00:00","-0.174","-","-0.194"
"2022/03/23","01:00","0.053","-","0.044"
"2022/03/23","02:00","0.316","-","0.301"
"2022/03/23","03:00","0.552","-","0.513"
"2022/03/23","04:00","0.662","-","0.646"
"2022/03/23","05:00","0.579","-","0.545"
"2022/03/23","06:00","0.321","-","0.294"
"2022/03/23","07:00","-0.023","-","-0.054"
"2022/03/23","08:00","-0.331","-","-0.354"
"2022/03/23","09:00","-0.504","-","-0.457"
"2022/03/23","10:00","-0.528","-","-0.467"
"2022/03/23","11:00","-0.466","-","-0.468"
"2022/03/23","12:00","-0.369","-","-0.352"
"2022/03/23","13:00","-0.226","-","-0.184"
"2022/03/23","14:00","-0.015","-","0.052"
"2022/03/23","15:00","0.226","-","0.302"
"2022/03/23","16:00","0.403","-","0.425"
"2022/03/23","17:00","0.419","-","0.445"
"2022/03/23","18:00","0.248","-","0.263"
"2022/03/23","19:00","-0.045","-","0.005"
"2022/03/23","20:00","-0.342","-","-0.275"
"2022/03/23","21:00","-0.522","-","-0.461"
"2022/03/23","22:00","-0.539","-","-0.457"
"2022/03/23","23:00","-0.441","-","-0.39"
"2022/03/24","00:00","-0.305","-","-0.247"
"2022/03/24","01:00","-0.15","-","-0.102"
"2022/03/24","02:00","0.051","-","0.073"
"2022/03/24","03:00","0.294","-","0.348"
"2022/03/24","04:00","0.516","-","0.609"
"2022/03/24","05:00","0.616","-","0.698"
"2022/03/24","06:00","0.531","-","0.659"
"2022/03/24","07:00","0.286","-","0.45"
"2022/03/24","08:00","-0.026","-","0.185"
"2022/03/24","09:00","-0.289","-","0.014"
"2022/03/24","10:00","-0.426","-","-0.124"
"2022/03/24","11:00","-0.445","-","-0.164"
"2022/03/24","12:00","-0.411","-","-0.167"
"2022/03/24","13:00","-0.352","-","-0.059"
"2022/03/24","14:00","-0.236","-","0.09"
"2022/03/24","15:00","-0.041","-","0.302"
"2022/03/24","16:00","0.193","-","0.51"
"2022/03/24","17:00","0.366","-","0.667"
"2022/03/24","18:00","0.381","-","0.648"
"2022/03/24","19:00","0.218","-","0.501"
"2022/03/24","20:00","-0.05","-","0.228"
"2022/03/24","21:00","-0.308","-","-0.043"
"2022/03/24","22:00","-0.455","-","-0.177"
"2022/03/24","23:00","-0.464","-","-0.23"
"2022/03/25","00:00","-0.391","-","-0.164"
"2022/03/25","01:00","-0.294","-","-0.085"
"2022/03/25","02:00","-0.171","-","0.006"
"2022/03/25","03:00","0.011","-","0.192"
"2022/03/25","04:00","0.248","-","0.444"
"2022/03/25","05:00","0.469","-","0.697"
"2022/03/25","06:00","0.572","-","0.818"
"2022/03/25","07:00","0.499","-","0.76"
"2022/03/25","08:00","0.281","-","0.567"
"2022/03/25","09:00","0.009","-","0.249"
"2022/03/25","10:00","-0.22","-","0.046"
"2022/03/25","11:00","-0.347","-","-0.124"
"2022/03/25","12:00","-0.388","-","-0.165"
"2022/03/25","13:00","-0.391","-","-0.142"
"2022/03/25","14:00","-0.363","-","-0.126"
"2022/03/25","15:00","-0.264","-","-0.023"
"2022/03/25","16:00","-0.07","-","0.164"
"2022/03/25","17:00","0.17","-","0.411"
"2022/03/25","18:00","0.348","-","0.595"
"2022/03/25","19:00","0.37","-","0.531"
"2022/03/25","20:00","0.227","-","0.432"
"2022/03/25","21:00","-0.01","-","0.228"
"2022/03/25","22:00","-0.242","-","0.004"
"2022/03/25","23:00","-0.384","-","-0.119"
"2022/03/26","00:00","-0.416","-","-0.137"
"2022/03/26","01:00","-0.383","-","-0.084"
"2022/03/26","02:00","-0.325","-","-0.002"
"2022/03/26","03:00","-0.224","-","0.066"
"2022/03/26","04:00","-0.046","-","0.183"
"2022/03/26","05:00","0.197","-","0.374"
"2022/03/26","06:00","0.427","-","0.612"
"2022/03/26","07:00","0.542","-","0.769"
"2022/03/26","08:00","0.493","-","0.749"
"2022/03/26","09:00","0.311","-","0.578"
"2022/03/26","10:00","0.067","-","0.307"
"2022/03/26","11:00","-0.154","-","0.075"
"2022/03/26","12:00","-0.297","-","-0.083"
"2022/03/26","13:00","-0.37","-","-0.132"
"2022/03/26","14:00","-0.406","-","-0.102"
"2022/03/26","15:00","-0.395","-","-0.102"
"2022/03/26","16:00","-0.294","-","-0.005"
"2022/03/26","17:00","-0.087","-","0.181"
"2022/03/26","18:00","0.165","-","0.43"
"2022/03/26","19:00","0.354","-","0.612"
"2022/03/26","20:00","0.395","-","0.655"
"2022/03/26","21:00","0.28","-","0.567"
"2022/03/26","22:00","0.063","-","0.382"
"2022/03/26","23:00","-0.171","-","0.217"
"2022/03/27","00:00","-0.337","-","-0.058"
"2022/03/27","01:00","-0.406","-","-0.137"
"2022/03/27","02:00","-0.414","-","-0.182"
"2022/03/27","03:00","-0.383","-","-0.109"
"2022/03/27","04:00","-0.289","-","0.007"
"2022/03/27","05:00","-0.102","-","0.17"
"2022/03/27","06:00","0.155","-","0.404"
"2022/03/27","07:00","0.399","-","0.62"
"2022/03/27","08:00","0.537","-","0.743"
"2022/03/27","09:00","0.52","-","0.702"
"2022/03/27","10:00","0.362","-","0.547"
"2022/03/27","11:00","0.12","-","0.332"
"2022/03/27","12:00","-0.12","-","0.106"
"2022/03/27","13:00","-0.292","-","-0.06"
"2022/03/27","14:00","-0.393","-","-0.166"
"2022/03/27","15:00","-0.446","-","-0.226"
"2022/03/27","16:00","-0.432","-","-0.198"
"2022/03/27","17:00","-0.313","-","-0.065"
"2022/03/27","18:00","-0.086","-","0.143"
"2022/03/27","19:00","0.183","-","0.402"
"2022/03/27","20:00","0.393","-","0.59"
"2022/03/27","21:00","0.46","-","0.623"
"2022/03/27","22:00","0.363","-","0.53"
"2022/03/27","23:00","0.14","-","0.306"
"2022/03/28","00:00","-0.122","-","0.069"
"2022/03/28","01:00","-0.326","-","-0.17"
"2022/03/28","02:00","-0.433","-","-0.328"
"2022/03/28","03:00","-0.469","-","-0.34"
"2022/03/28","04:00","-0.448","-","-0.333"
"2022/03/28","05:00","-0.346","-","-0.277"
"2022/03/28","06:00","-0.143","-","-0.118"
"2022/03/28","07:00","0.131","-","0.149"
"2022/03/28","08:00","0.398","-","0.41"
"2022/03/28","09:00","0.564","-","0.592"
"2022/03/28","10:00","0.568","-","0.602"
"2022/03/28","11:00","0.406","-","0.433"
"2022/03/28","12:00","0.138","-","0.19"
"2022/03/28","13:00","-0.136","-","-0.085"
"2022/03/28","14:00","-0.334","-","-0.306"
"2022/03/28","15:00","-0.448","-","-0.398"
"2022/03/28","16:00","-0.495","-","-0.411"
"2022/03/28","17:00","-0.459","-","-0.328"
"2022/03/28","18:00","-0.312","-","-0.185"
"2022/03/28","19:00","-0.061","-","0.02"
"2022/03/28","20:00","0.233","-","0.274"
"2022/03/28","21:00","0.469","-","0.438"
"2022/03/28","22:00","0.553","-","0.493"
"2022/03/28","23:00","0.449","-","0.399"
"2022/03/29","00:00","0.193","-","0.161"
"2022/03/29","01:00","-0.112","-","-0.105"
"2022/03/29","02:00","-0.353","-","-0.387"
"2022/03/29","03:00","-0.485","-","-0.537"
"2022/03/29","04:00","-0.529","-","-0.596"
"2022/03/29","05:00","-0.5","-","-0.561"
"2022/03/29","06:00","-0.381","-","-0.409"
"2022/03/29","07:00","-0.16","-","-0.192"
"2022/03/29","08:00","0.138","-","0.107"
"2022/03/29","09:00","0.432","-","0.401"
"2022/03/29","10:00","0.615","-","0.523"
"2022/03/29","11:00","0.611","-","0.517"
"2022/03/29","12:00","0.415","-","0.357"
"2022/03/29","13:00","0.103","-","0.072"
"2022/03/29","14:00","-0.201","-","-0.232"
"2022/03/29","15:00","-0.409","-","-0.464"
"2022/03/29","16:00","-0.512","-","-0.55"
"2022/03/29","17:00","-0.532","-","-0.532"
"2022/03/29","18:00","-0.463","-","-0.463"
"2022/03/29","19:00","-0.286","-","-0.304"
"2022/03/29","20:00","-0.004","-","-0.038"
"2022/03/29","21:00","0.321","-","0.255"
"2022/03/29","22:00","0.574","-","0.488"
"2022/03/29","23:00","0.648","-","0.561"
"2022/03/30","00:00","0.507","-","0.433"
"2022/03/30","01:00","0.201","-","0.165"
"2022/03/30","02:00","-0.146","-","-0.184"
"2022/03/30","03:00","-0.408","-","-0.482"
"2022/03/30","04:00","-0.542","-","-0.684"
"2022/03/30","05:00","-0.575","-","-0.713"
"2022/03/30","06:00","-0.529","-","-0.643"
"2022/03/30","07:00","-0.39","-","-0.484"
"2022/03/30","08:00","-0.143","-","-0.196"
"2022/03/30","09:00","0.183","-","0.142"
"2022/03/30","10:00","0.494","-","0.444"
"2022/03/30","11:00","0.664","-","0.569"
"2022/03/30","12:00","0.619","-","0.509"
"2022/03/30","13:00","0.37","-","0.253"
"2022/03/30","14:00","0.015","-","-0.07"
"2022/03/30","15:00","-0.303","-","-0.42"
"2022/03/30","16:00","-0.494","-","-0.582"
"2022/03/30","17:00","-0.564","-","-0.617"
"2022/03/30","18:00","-0.545","-","-0.581"
"2022/03/30","19:00","-0.44","-","-0.461"
"2022/03/30","20:00","-0.225","-","-0.275"
"2022/03/30","21:00","0.092","-","0.062"
"2022/03/30","22:00","0.436","-","0.415"
"2022/03/30","23:00","0.678","-","0.679"
"2022/03/31","00:00","0.712","-","0.735"
"2022/03/31","01:00","0.514","-","0.536"
"2022/03/31","02:00","0.158","-","0.186"
"2022/03/31","03:00","-0.214","-","-0.174"
"2022/03/31","04:00","-0.472","-","-0.465"
"2022/03/31","05:00","-0.587","-","-0.546"
"2022/03/31","06:00","-0.599","-","-0.522"
"2022/03/31","07:00","-0.531","-","-0.422"
"2022/03/31","08:00","-0.365","-","-0.238"
"2022/03/31","09:00","-0.087","-","0.03"
"2022/03/31","10:00","0.259","-","0.385"
"2022/03/31","11:00","0.557","-","0.706"
"2022/03/31","12:00","0.684","-","0.857"
"2022/03/31","13:00","0.577","-","0.737"
"2022/03/31","14:00","0.272","-","0.417"
"2022/03/31","15:00","-0.109","-","-0.002"
"2022/03/31","16:00","-0.413","-","-0.325"
"2022/03/31","17:00","-0.563","-","-0.478"
"2022/03/31","18:00","-0.587","-","-0.473"
"2022/03/31","19:00","-0.526","-","-0.382"
"2022/03/31","20:00","-0.379","-","-0.202"
"2022/03/31","21:00","-0.124","-","0.071"
"2022/03/31","22:00","0.217","-","0.422"
"2022/03/31","23:00","0.552","-","0.732"
"2022/04/01","00:00","0.75","-","0.898"
"2022/04/01","01:00","0.721","-","0.874"
"2022/04/01","02:00","0.464","-","0.639"
"2022/04/01","03:00","0.072","-","0.336"
"2022/04/01","04:00","-0.298","-","0.016"
"2022/04/01","05:00","-0.528","-","-0.263"
"2022/04/01","06:00","-0.61","-","-0.441"
"2022/04/01","07:00","-0.596","-","-0.448"
"2022/04/01","08:00","-0.5","-","-0.335"
"2022/04/01","09:00","-0.301","-","-0.072"
"2022/04/01","10:00","0","-","0.261"
"2022/04/01","11:00","0.339","-","0.566"
"2022/04/01","12:00","0.595","-","0.752"
"2022/04/01","13:00","0.656","-","0.782"
"2022/04/01","14:00","0.484","-","0.62"
"2022/04/01","15:00","0.137","-","0.294"
"2022/04/01","16:00","-0.242","-","-0.129"
"2022/04/01","17:00","-0.504","-","-0.36"
"2022/04/01","18:00","-0.599","-","-0.456"
"2022/04/01","19:00","-0.573","-","-0.406"
"2022/04/01","20:00","-0.467","-","-0.302"
"2022/04/01","21:00","-0.276","-","-0.16"
"2022/04/01","22:00","0.007","-","0.122"
"2022/04/01","23:00","0.344","-","0.413"
"2022/04/02","00:00","0.636","-","0.694"
"2022/04/02","01:00","0.767","-","0.783"
"2022/04/02","02:00","0.67","-","0.647"
"2022/04/02","03:00","0.364","-","0.366"
"2022/04/02","04:00","-0.036","-","-0.029"
"2022/04/02","05:00","-0.376","-","-0.367"
"2022/04/02","06:00","-0.562","-","-0.615"
"2022/04/02","07:00","-0.608","-","-0.706"
"2022/04/02","08:00","-0.561","-","-0.712"
"2022/04/02","09:00","-0.432","-","-0.577"
"2022/04/02","10:00","-0.207","-","-0.339"
"2022/04/02","11:00","0.094","-","-0.037"
"2022/04/02","12:00","0.399","-","0.253"
"2022/04/02","13:00","0.591","-","0.429"
"2022/04/02","14:00","0.58","-","0.412"
"2022/04/02","15:00","0.352","-","0.209"
"2022/04/02","16:00","-0.01","-","-0.155"
"2022/04/02","17:00","-0.356","-","-0.481"
"2022/04/02","18:00","-0.558","-","-0.655"
"2022/04/02","19:00","-0.595","-","-0.617"
"2022/04/02","20:00","-0.518","-","-0.526"
"2022/04/02","21:00","-0.366","-","-0.364"
"2022/04/02","22:00","-0.145","-","-0.133"
"2022/04/02","23:00","0.139","-","0.185"
"2022/04/03","00:00","0.44","-","0.503"
"2022/04/03","01:00","0.668","-","0.708"
"2022/04/03","02:00","0.724","-","0.71"
"2022/04/03","03:00","0.566","-","0.575"
"2022/04/03","04:00","0.237","-","0.246"
"2022/04/03","05:00","-0.143","-","-0.151"
"2022/04/03","06:00","-0.434","-","-0.392"
"2022/04/03","07:00","-0.569","-","-0.461"
"2022/04/03","08:00","-0.574","-","-0.452"
"2022/04/03","09:00","-0.492","-","-0.398"
"2022/04/03","10:00","-0.336","-","-0.275"
"2022/04/03","11:00","-0.107","-","-0.075"
"2022/04/03","12:00","0.171","-","0.218"
"2022/04/03","13:00","0.421","-","0.526"
"2022/04/03","14:00","0.543","-","0.67"
"2022/04/03","15:00","0.467","-","0.634"
"2022/04/03","16:00","0.208","-","0.336"
"2022/04/03","17:00","-0.14","-","-0.035"
"2022/04/03","18:00","-0.434","-","-0.327"
"2022/04/03","19:00","-0.57","-","-0.448"
"2022/04/03","20:00","-0.547","-","-0.343"
"2022/04/03","21:00","-0.422","-","-0.193"
"2022/04/03","22:00","-0.241","-","-0.001"
"2022/04/03","23:00","-0.015","-","0.198"
"2022/04/04","00:00","0.242","-","0.448"
"2022/04/04","01:00","0.488","-","0.68"
"2022/04/04","02:00","0.642","-","0.811"
"2022/04/04","03:00","0.628","-","0.8"
"2022/04/04","04:00","0.432","-","0.613"
"2022/04/04","05:00","0.107","-","0.258"
"2022/04/04","06:00","-0.231","-","-0.082"
"2022/04/04","07:00","-0.463","-","-0.343"
"2022/04/04","08:00","-0.543","-","-0.407"
"2022/04/04","09:00","-0.506","-","-0.367"
"2022/04/04","10:00","-0.399","-","-0.283"
"2022/04/04","11:00","-0.236","-","-0.159"
"2022/04/04","12:00","-0.022","-","0.057"
"2022/04/04","13:00","0.216","-","0.296"
"2022/04/04","14:00","0.406","-","0.483"
"2022/04/04","15:00","0.461","-","0.506"
"2022/04/04","16:00","0.34","-","0.371"
"2022/04/04","17:00","0.075","-","0.141"
"2022/04/04","18:00","-0.238","-","-0.155"
"2022/04/04","19:00","-0.471","-","-0.403"
"2022/04/04","20:00","-0.539","-","-0.439"
"2022/04/04","21:00","-0.46","-","-0.329"
"2022/04/04","22:00","-0.305","-","-0.182"
"2022/04/04","23:00","-0.119","-","0.012"
"2022/04/05","00:00","0.086","-","0.22"
"2022/04/05","01:00","0.3","-","0.394"
"2022/04/05","02:00","0.484","-","0.553"
"2022/04/05","03:00","0.569","-","0.625"
"2022/04/05","04:00","0.505","-","0.583"
"2022/04/05","05:00","0.295","-","0.373"
"2022/04/05","06:00","-0.005","-","0.054"
"2022/04/05","07:00","-0.289","-","-0.262"
"2022/04/05","08:00","-0.456","-","-0.411"
"2022/04/05","09:00","-0.482","-","-0.403"
"2022/04/05","10:00","-0.416","-","-0.347"
"2022/04/05","11:00","-0.303","-","-0.248"
"2022/04/05","12:00","-0.154","-","-0.102"
"2022/04/05","13:00","0.033","-","0.098"
"2022/04/05","14:00","0.227","-","0.301"
"2022/04/05","15:00","0.361","-","0.424"
"2022/04/05","16:00","0.366","-","0.382"
"2022/04/05","17:00","0.222","-","0.234"
"2022/04/05","18:00","-0.03","-","-0.025"
"2022/04/05","19:00","-0.299","-","-0.294"
"2022/04/05","20:00","-0.465","-","-0.436"
"2022/04/05","21:00","-0.47","-","-0.406"
"2022/04/05","22:00","-0.355","-","-0.307"
"2022/04/05","23:00","-0.196","-","-0.16"
"2022/04/06","00:00","-0.028","-","0.022"
"2022/04/06","01:00","0.144","-","0.205"
"2022/04/06","02:00","0.312","-","0.381"
"2022/04/06","03:00","0.438","-","0.536"
"2022/04/06","04:00","0.471","-","0.59"
"2022/04/06","05:00","0.38","-","0.45"
"2022/04/06","06:00","0.175","-","0.241"
"2022/04/06","07:00","-0.087","-","-0.034"
"2022/04/06","08:00","-0.31","-","-0.25"
"2022/04/06","09:00","-0.413","-","-0.257"
"2022/04/06","10:00","-0.399","-","-0.21"
"2022/04/06","11:00","-0.327","-","-0.172"
"2022/04/06","12:00","-0.228","-","-0.083"
"2022/04/06","13:00","-0.099","-","0.09"
"2022/04/06","14:00","0.06","-","0.267"
"2022/04/06","15:00","0.216","-","0.457"
"2022/04/06","16:00","0.305","-","0.573"
"2022/04/06","17:00","0.278","-","0.474"
"2022/04/06","18:00","0.126","-","0.252"
"2022/04/06","19:00","-0.104","-","-0.019"
"2022/04/06","20:00","-0.321","-","-0.216"
"2022/04/06","21:00","-0.422","-","-0.225"
"2022/04/06","22:00","-0.383","-","-0.145"
"2022/04/06","23:00","-0.261","-","-0.082"
"2022/04/07","00:00","-0.121","-","0.004"
"2022/04/07","01:00","0.019","-","0.177"
"2022/04/07","02:00","0.159","-","0.33"
"2022/04/07","03:00","0.289","-","0.502"
"2022/04/07","04:00","0.374","-","0.626"
"2022/04/07","05:00","0.374","-","0.621"
"2022/04/07","06:00","0.271","-","0.493"
"2022/04/07","07:00","0.084","-","0.175"
"2022/04/07","08:00","-0.132","-","-0.042"
"2022/04/07","09:00","-0.292","-","-0.149"
"2022/04/07","10:00","-0.346","-","-0.129"
"2022/04/07","11:00","-0.32","-","-0.135"
"2022/04/07","12:00","-0.262","-","-0.053"
"2022/04/07","13:00","-0.183","-","0.033"
"2022/04/07","14:00","-0.071","-","0.146"
"2022/04/07","15:00","0.068","-","0.268"
"2022/04/07","16:00","0.196","-","0.414"
"2022/04/07","17:00","0.256","-","0.442"
"2022/04/07","18:00","0.208","-","0.394"
"2022/04/07","19:00","0.057","-","0.221"
"2022/04/07","20:00","-0.142","-","0.038"
"2022/04/07","21:00","-0.306","-","-0.12"
"2022/04/07","22:00","-0.361","-","-0.082"
"2022/04/07","23:00","-0.306","-","0.01"
"2022/04/08","00:00","-0.202","-","0.112"
"2022/04/08","01:00","-0.089","-","0.244"
"2022/04/08","02:00","0.027","-","0.406"
"2022/04/08","03:00","0.147","-","0.569"
"2022/04/08","04:00","0.254","-","0.723"
"2022/04/08","05:00","0.315","-","0.77"
"2022/04/08","06:00","0.296","-","0.769"
"2022/04/08","07:00","0.191","-","0.646"
"2022/04/08","08:00","0.03","-","0.488"
"2022/04/08","09:00","-0.137","-","0.305"
"2022/04/08","10:00","-0.25","-","0.225"
"2022/04/08","11:00","-0.285","-","0.151"
"2022/04/08","12:00","-0.27","-","0.116"
"2022/04/08","13:00","-0.233","-","0.13"
"2022/04/08","14:00","-0.168","-","0.209"
"2022/04/08","15:00","-0.062","-","0.264"
"2022/04/08","16:00","0.071","-","0.384"
"2022/04/08","17:00","0.185","-","0.468"
"2022/04/08","18:00","0.224","-","0.477"
"2022/04/08","19:00","0.162","-","0.373"
"2022/04/08","20:00","0.022","-","0.219"
"2022/04/08","21:00","-0.145","-","0.038"
"2022/04/08","22:00","-0.271","-","-0.054"
"2022/04/08","23:00","-0.307","-","-0.08"
"2022/04/09","00:00","-0.265","-","-0.03"
"2022/04/09","01:00","-0.187","-","0.05"
"2022/04/09","02:00","-0.095","-","0.129"
"2022/04/09","03:00","0.011","-","0.224"
"2022/04/09","04:00","0.126","-","0.347"
"2022/04/09","05:00","0.227","-","0.479"
"2022/04/09","06:00","0.275","-","0.553"
"2022/04/09","07:00","0.244","-","0.558"
"2022/04/09","08:00","0.148","-","0.379"
"2022/04/09","09:00","0.015","-","0.174"
"2022/04/09","10:00","-0.119","-","0.059"
"2022/04/09","11:00","-0.213","-","0.003"
"2022/04/09","12:00","-0.254","-","-0.022"
"2022/04/09","13:00","-0.259","-","0"
"2022/04/09","14:00","-0.237","-","0.069"
"2022/04/09","15:00","-0.172","-","0.093"
"2022/04/09","16:00","-0.056","-","0.197"
"2022/04/09","17:00","0.083","-","0.324"
"2022/04/09","18:00","0.19","-","0.452"
"2022/04/09","19:00","0.214","-","0.479"
"2022/04/09","20:00","0.148","-","0.388"
"2022/04/09","21:00","0.022","-","0.251"
"2022/04/09","22:00","-0.125","-","0.057"
"2022/04/09","23:00","-0.24","-","-0.09"
"2022/04/10","00:00","-0.286","-","-0.12"
"2022/04/10","01:00","-0.266","-","-0.122"
"2022/04/10","02:00","-0.21","-","-0.019"
"2022/04/10","03:00","-0.125","-","0.09"
"2022/04/10","04:00","-0.011","-","0.152"
"2022/04/10","05:00","0.117","-","0.248"
"2022/04/10","06:00","0.22","-","0.357"
"2022/04/10","07:00","0.26","-","0.434"
"2022/04/10","08:00","0.228","-","0.435"
"2022/04/10","09:00","0.144","-","0.331"
"2022/04/10","10:00","0.025","-","0.155"
"2022/04/10","11:00","-0.105","-","-0.017"
"2022/04/10","12:00","-0.209","-","-0.108"
"2022/04/10","13:00","-0.267","-","-0.132"
"2022/04/10","14:00","-0.287","-","-0.122"
"2022/04/10","15:00","-0.264","-","-0.097"
"2022/04/10","16:00","-0.179","-","-0.012"
"2022/04/10","17:00","-0.039","-","0.131"
"2022/04/10","18:00","0.113","-","0.287"
"2022/04/10","19:00","0.217","-","0.389"
"2022/04/10","20:00","0.235","-","0.399"
"2022/04/10","21:00","0.171","-","0.269"
"2022/04/10","22:00","0.048","-","0.109"
"2022/04/10","23:00","-0.105","-","-0.051"
"2022/04/11","00:00","-0.238","-","-0.164"
"2022/04/11","01:00","-0.304","-","-0.199"
"2022/04/11","02:00","-0.305","-","-0.194"
"2022/04/11","03:00","-0.256","-","-0.159"
"2022/04/11","04:00","-0.159","-","-0.097"
"2022/04/11","05:00","-0.021","-","-0.049"
"2022/04/11","06:00","0.126","-","0.065"
"2022/04/11","07:00","0.236","-","0.215"
"2022/04/11","08:00","0.278","-","0.287"
"2022/04/11","09:00","0.25","-","0.257"
"2022/04/11","10:00","0.165","-","0.137"
"2022/04/11","11:00","0.032","-","-0.042"
"2022/04/11","12:00","-0.123","-","-0.192"
"2022/04/11","13:00","-0.249","-","-0.28"
"2022/04/11","14:00","-0.322","-","-0.263"
"2022/04/11","15:00","-0.34","-","-0.231"
"2022/04/11","16:00","-0.295","-","-0.185"
"2022/04/11","17:00","-0.175","-","-0.062"
"2022/04/11","18:00","-0.003","-","0.098"
"2022/04/11","19:00","0.166","-","0.258"
"2022/04/11","20:00","0.275","-","0.382"
"2022/04/11","21:00","0.294","-","0.363"
"2022/04/11","22:00","0.223","-","0.343"
"2022/04/11","23:00","0.077","-","0.216"
"2022/04/12","00:00","-0.11","-","0.04"
"2022/04/12","01:00","-0.273","-","-0.179"
"2022/04/12","02:00","-0.36","-","-0.324"
"2022/04/12","03:00","-0.368","-","-0.29"
"2022/04/12","04:00","-0.308","-","-0.199"
"2022/04/12","05:00","-0.184","-","-0.06"
"2022/04/12","06:00","-0.015","-","0.109"
"2022/04/12","07:00","0.155","-","0.232"
"2022/04/12","08:00","0.281","-","0.326"
"2022/04/12","09:00","0.332","-","0.398"
"2022/04/12","10:00","0.298","-","0.333"
"2022/04/12","11:00","0.185","-","0.232"
"2022/04/12","12:00","0.008","-","0.045"
"2022/04/12","13:00","-0.185","-","-0.064"
"2022/04/12","14:00","-0.33","-","-0.222"
"2022/04/12","15:00","-0.401","-","-0.3"
"2022/04/12","16:00","-0.398","-","-0.27"
"2022/04/12","17:00","-0.312","-","-0.248"
"2022/04/12","18:00","-0.149","-","-0.161"
"2022/04/12","19:00","0.057","-","0.062"
"2022/04/12","20:00","0.249","-","0.303"
"2022/04/12","21:00","0.371","-","0.431"
"2022/04/12","22:00","0.384","-","0.459"
"2022/04/12","23:00","0.281","-","0.328"
"2022/04/13","00:00","0.083","-","0.14"
"2022/04/13","01:00","-0.153","-","-0.139"
"2022/04/13","02:00","-0.345","-","-0.343"
"2022/04/13","03:00","-0.44","-","-0.423"
"2022/04/13","04:00","-0.438","-","-0.364"
"2022/04/13","05:00","-0.351","-","-0.233"
"2022/04/13","06:00","-0.193","-","-0.113"
"2022/04/13","07:00","0.008","-","0.07"
"2022/04/13","08:00","0.209","-","0.247"
"2022/04/13","09:00","0.358","-","0.394"
"2022/04/13","10:00","0.41","-","0.457"
"2022/04/13","11:00","0.345","-","0.376"
"2022/04/13","12:00","0.175","-","0.202"
"2022/04/13","13:00","-0.06","-","0.003"
"2022/04/13","14:00","-0.287","-","-0.249"
"2022/04/13","15:00","-0.435","-","-0.382"
"2022/04/13","16:00","-0.483","-","-0.402"
"2022/04/13","17:00","-0.438","-","-0.331"
"2022/04/13","18:00","-0.306","-","-0.205"
"2022/04/13","19:00","-0.098","-","-0.002"
"2022/04/13","20:00","0.148","-","0.234"
"2022/04/13","21:00","0.37","-","0.46"
"2022/04/13","22:00","0.497","-","0.592"
"2022/04/13","23:00","0.479","-","0.583"
"2022/04/14","00:00","0.316","-","0.42"
"2022/04/14","01:00","0.052","-","0.176"
"2022/04/14","02:00","-0.232","-","-0.109"
"2022/04/14","03:00","-0.441","-","-0.317"
"2022/04/14","04:00","-0.526","-","-0.44"
"2022/04/14","05:00","-0.498","-","-0.35"
"2022/04/14","06:00","-0.38","-","-0.242"
"2022/04/14","07:00","-0.188","-","-0.034"
"2022/04/14","08:00","0.052","-","0.161"
"2022/04/14","09:00","0.29","-","0.424"
"2022/04/14","10:00","0.455","-","0.587"
"2022/04/14","11:00","0.485","-","0.587"
"2022/04/14","12:00","0.363","-","0.462"
"2022/04/14","13:00","0.123","-","0.227"
"2022/04/14","14:00","-0.167","-","-0.067"
"2022/04/14","15:00","-0.411","-","-0.279"
"2022/04/14","16:00","-0.538","-","-0.381"
"2022/04/14","17:00","-0.543","-","-0.378"
"2022/04/14","18:00","-0.451","-","-0.28"
"2022/04/14","19:00","-0.271","-","-0.122"
"2022/04/14","20:00","-0.016","-","0.133"
"2022/04/14","21:00","0.274","-","0.418"
"2022/04/14","22:00","0.518","-","0.7"
"2022/04/14","23:00","0.626","-","0.821"
"2022/04/15","00:00","0.551","-","0.757"
"2022/04/15","01:00","0.313","-","0.502"
"2022/04/15","02:00","-0.017","-","0.118"
"2022/04/15","03:00","-0.335","-","-0.224"
"2022/04/15","04:00","-0.539","-","-0.432"
"2022/04/15","05:00","-0.597","-","-0.419"
"2022/04/15","06:00","-0.54","-","-0.36"
"2022/04/15","07:00","-0.392","-","-0.22"
"2022/04/15","08:00","-0.164","-","0.037"
"2022/04/15","09:00","0.119","-","0.223"
"2022/04/15","10:00","0.388","-","0.48"
"2022/04/15","11:00","0.548","-","0.606"
"2022/04/15","12:00","0.531","-","0.61"
"2022/04/15","13:00","0.338","-","0.527"
"2022/04/15","14:00","0.03","-","0.201"
"2022/04/15","15:00","-0.297","-","-0.138"
"2022/04/15","16:00","-0.531","-","-0.451"
"2022/04/15","17:00","-0.616","-","-0.572"
"2022/04/15","18:00","-0.571","-","-0.474"
"2022/04/15","19:00","-0.432","-","-0.323"
"2022/04/15","20:00","-0.205","-","-0.022"
"2022/04/15","21:00","0.099","-","0.277"
"2022/04/15","22:00","0.422","-","0.591"
"2022/04/15","23:00","0.664","-","0.773"
"2022/04/16","00:00","0.728","-","0.807"
"2022/04/16","01:00","0.581","-","0.672"
"2022/04/16","02:00","0.267","-","0.401"
"2022/04/16","03:00","-0.115","-","0.031"
"2022/04/16","04:00","-0.441","-","-0.32"
"2022/04/16","05:00","-0.619","-","-0.49"
"2022/04/16","06:00","-0.645","-","-0.538"
"2022/04/16","07:00","-0.561","-","-0.453"
"2022/04/16","08:00","-0.383","-","-0.264"
"2022/04/16","09:00","-0.116","-","0.021"
"2022/04/16","10:00","0.202","-","0.318"
"2022/04/16","11:00","0.48","-","0.57"
"2022/04/16","12:00","0.611","-","0.68"
"2022/04/16","13:00","0.534","-","0.643"
"2022/04/16","14:00","0.272","-","0.39"
"2022/04/16","15:00","-0.088","-","0.033"
"2022/04/16","16:00","-0.422","-","-0.31"
"2022/04/16","17:00","-0.621","-","-0.56"
"2022/04/16","18:00","-0.654","-","-0.593"
"2022/04/16","19:00","-0.562","-","-0.477"
"2022/04/16","20:00","-0.38","-","-0.273"
"2022/04/16","21:00","-0.109","-","0.02"
"2022/04/16","22:00","0.231","-","0.377"
"2022/04/16","23:00","0.565","-","0.697"
"2022/04/17","00:00","0.778","-","0.906"
"2022/04/17","01:00","0.782","-","0.91"
"2022/04/17","02:00","0.563","-","0.651"
"2022/04/17","03:00","0.189","-","0.248"
"2022/04/17","04:00","-0.217","-","-0.171"
"2022/04/17","05:00","-0.526","-","-0.496"
"2022/04/17","06:00","-0.669","-","-0.646"
"2022/04/17","07:00","-0.664","-","-0.585"
"2022/04/17","08:00","-0.555","-","-0.428"
"2022/04/17","09:00","-0.349","-","-0.243"
"2022/04/17","10:00","-0.052","-","0.047"
"2022/04/17","11:00","0.28","-","0.393"
"2022/04/17","12:00","0.545","-","0.593"
"2022/04/17","13:00","0.632","-","0.632"
"2022/04/17","14:00","0.495","-","0.511"
"2022/04/17","15:00","0.179","-","0.237"
"2022/04/17","16:00","-0.204","-","-0.138"
"2022/04/17","17:00","-0.519","-","-0.483"
"2022/04/17","18:00","-0.669","-","-0.653"
"2022/04/17","19:00","-0.652","-","-0.642"
"2022/04/17","20:00","-0.518","-","-0.61"
"2022/04/17","21:00","-0.299","-","-0.416"
"2022/04/17","22:00","0.001","-","-0.071"
"2022/04/17","23:00","0.352","-","0.3"
"2022/04/18","00:00","0.67","-","0.67"
"2022/04/18","01:00","0.841","-","0.819"
"2022/04/18","02:00","0.783","-","0.772"
"2022/04/18","03:00","0.506","-","0.486"
"2022/04/18","04:00","0.1","-","0.061"
"2022/04/18","05:00","-0.301","-","-0.347"
"2022/04/18","06:00","-0.578","-","-0.609"
"2022/04/18","07:00","-0.683","-","-0.677"
"2022/04/18","08:00","-0.65","-","-0.673"
"2022/04/18","09:00","-0.518","-","-0.54"
"2022/04/18","10:00","-0.294","-","-0.317"
"2022/04/18","11:00","0.01","-","-0.035"
"2022/04/18","12:00","0.334","-","0.29"
"2022/04/18","13:00","0.571","-","0.498"
"2022/04/18","14:00","0.612","-","0.563"
"2022/04/18","15:00","0.427","-","0.415"
"2022/04/18","16:00","0.082","-","0.074"
"2022/04/18","17:00","-0.295","-","-0.285"
"2022/04/18","18:00","-0.573","-","-0.609"
"2022/04/18","19:00","-0.674","-","-0.653"
"2022/04/18","20:00","-0.611","-","-0.583"
"2022/04/18","21:00","-0.446","-","-0.438"
"2022/04/18","22:00","-0.208","-","-0.178"
"2022/04/18","23:00","0.096","-","0.131"
"2022/04/19","00:00","0.433","-","0.434"
"2022/04/19","01:00","0.721","-","0.795"
"2022/04/19","02:00","0.846","-","0.94"
"2022/04/19","03:00","0.741","-","0.918"
"2022/04/19","04:00","0.431","-","0.668"
"2022/04/19","05:00","0.022","-","0.265"
"2022/04/19","06:00","-0.354","-","-0.076"
"2022/04/19","07:00","-0.589","-","-0.122"
"2022/04/19","08:00","-0.656","-","-0.03"
"2022/04/19","09:00","-0.599","-","0.209"
"2022/04/19","10:00","-0.459","-","0.401"
"2022/04/19","11:00","-0.24","-","0.504"
"2022/04/19","12:00","0.052","-","0.574"
"2022/04/19","13:00","0.356","-","0.752"
"2022/04/19","14:00","0.561","-","0.874"
"2022/04/19","15:00","0.566","-","0.861"
"2022/04/19","16:00","0.353","-","0.606"
"2022/04/19","17:00","0.005","-","0.276"
"2022/04/19","18:00","-0.35","-","-0.124"
"2022/04/19","19:00","-0.585","-","-0.459"
"2022/04/19","20:00","-0.637","-","-0.551"
"2022/04/19","21:00","-0.54","-","-0.49"
"2022/04/19","22:00","-0.363","-","-0.318"
"2022/04/19","23:00","-0.133","-","-0.051"
"2022/04/20","00:00","0.15","-","0.259"
"2022/04/20","01:00","0.462","-","0.539"
"2022/04/20","02:00","0.717","-","0.805"
"2022/04/20","03:00","0.806","-","0.952"
"2022/04/20","04:00","0.674","-","0.841"
"2022/04/20","05:00","0.36","-","0.518"
"2022/04/20","06:00","-0.03","-","0.081"
"2022/04/20","07:00","-0.369","-","-0.312"
"2022/04/20","08:00","-0.56","-","-0.547"
"2022/04/20","09:00","-0.592","-","-0.621"
"2022/04/20","10:00","-0.526","-","-0.594"
"2022/04/20","11:00","-0.399","-","-0.494"
"2022/04/20","12:00","-0.202","-","-0.284"
"2022/04/20","13:00","0.067","-","-0.027"
"2022/04/20","14:00","0.348","-","0.212"
"2022/04/20","15:00","0.528","-","0.35"
"2022/04/20","16:00","0.512","-","0.346"
"2022/04/20","17:00","0.294","-","0.174"
"2022/04/20","18:00","-0.041","-","-0.119"
"2022/04/20","19:00","-0.365","-","-0.44"
"2022/04/20","20:00","-0.555","-","-0.616"
"2022/04/20","21:00","-0.567","-","-0.667"
"2022/04/20","22:00","-0.456","-","-0.592"
"2022/04/20","23:00","-0.295","-","-0.453"
"2022/04/21","00:00","-0.097","-","-0.229"
"2022/04/21","01:00","0.156","-","0.036"
"2022/04/21","02:00","0.44","-","0.322"
"2022/04/21","03:00","0.671","-","0.536"
"2022/04/21","04:00","0.742","-","0.595"
"2022/04/21","05:00","0.606","-","0.468"
"2022/04/21","06:00","0.306","-","0.159"
"2022/04/21","07:00","-0.054","-","-0.179"
"2022/04/21","08:00","-0.348","-","-0.397"
"2022/04/21","09:00","-0.494","-","-0.568"
"2022/04/21","10:00","-0.507","-","-0.575"
"2022/04/21","11:00","-0.454","-","-0.583"
"2022/04/21","12:00","-0.358","-","-0.525"
"2022/04/21","13:00","-0.189","-","-0.325"
"2022/04/21","14:00","0.06","-","-0.034"
"2022/04/21","15:00","0.325","-","0.268"
"2022/04/21","16:00","0.491","-","0.434"
"2022/04/21","17:00","0.47","-","0.401"
"2022/04/21","18:00","0.259","-","0.18"
"2022/04/21","19:00","-0.054","-","-0.166"
"2022/04/21","20:00","-0.341","-","-0.422"
"2022/04/21","21:00","-0.489","-","-0.574"
"2022/04/21","22:00","-0.481","-","-0.491"
"2022/04/21","23:00","-0.386","-","-0.341"
"2022/04/22","00:00","-0.263","-","-0.197"
"2022/04/22","01:00","-0.104","-","-0.074"
"2022/04/22","02:00","0.121","-","0.073"
"2022/04/22","03:00","0.386","-","0.321"
"2022/04/22","04:00","0.605","-","0.548"
"2022/04/22","05:00","0.674","-","0.661"
"2022/04/22","06:00","0.548","-","0.583"
"2022/04/22","07:00","0.272","-","0.294"
"2022/04/22","08:00","-0.049","-","-0.065"
"2022/04/22","09:00","-0.297","-","-0.332"
"2022/04/22","10:00","-0.411","-","-0.455"
"2022/04/22","11:00","-0.428","-","-0.49"
"2022/04/22","12:00","-0.406","-","-0.484"
"2022/04/22","13:00","-0.342","-","-0.413"
"2022/04/22","14:00","-0.195","-","-0.239"
"2022/04/22","15:00","0.042","-","0.005"
"2022/04/22","16:00","0.301","-","0.212"
"2022/04/22","17:00","0.466","-","0.335"
"2022/04/22","18:00","0.449","-","0.304"
"2022/04/22","19:00","0.252","-","0.153"
"2022/04/22","20:00","-0.033","-","-0.077"
"2022/04/22","21:00","-0.282","-","-0.323"
"2022/04/22","22:00","-0.405","-","-0.451"
"2022/04/22","23:00","-0.404","-","-0.452"
"2022/04/23","00:00","-0.348","-","-0.386"
"2022/04/23","01:00","-0.271","-","-0.319"
"2022/04/23","02:00","-0.145","-","-0.178"
"2022/04/23","03:00","0.062","-","0.025"
"2022/04/23","04:00","0.321","-","0.287"
"2022/04/23","05:00","0.541","-","0.487"
"2022/04/23","06:00","0.616","-","0.541"
"2022/04/23","07:00","0.506","-","0.428"
"2022/04/23","08:00","0.26","-","0.199"
"2022/04/23","09:00","-0.019","-","-0.09"
"2022/04/23","10:00","-0.232","-","-0.302"
"2022/04/23","11:00","-0.34","-","-0.392"
"2022/04/23","12:00","-0.38","-","-0.445"
"2022/04/23","13:00","-0.39","-","-0.452"
"2022/04/23","14:00","-0.35","-","-0.43"
"2022/04/23","15:00","-0.211","-","-0.311"
"2022/04/23","16:00","0.029","-","-0.053"
"2022/04/23","17:00","0.293","-","0.228"
"2022/04/23","18:00","0.461","-","0.379"
"2022/04/23","19:00","0.451","-","0.386"
"2022/04/23","20:00","0.275","-","0.237"
"2022/04/23","21:00","0.021","-","-0.011"
"2022/04/23","22:00","-0.205","-","-0.253"
"2022/04/23","23:00","-0.329","-","-0.395"
"2022/04/24","00:00","-0.359","-","-0.409"
"2022/04/24","01:00","-0.347","-","-0.35"
"2022/04/24","02:00","-0.308","-","-0.296"
"2022/04/24","03:00","-0.201","-","-0.201"
"2022/04/24","04:00","0.002","-","-0.017"
"2022/04/24","05:00","0.265","-","0.221"
"2022/04/24","06:00","0.489","-","0.431"
"2022/04/24","07:00","0.572","-","0.532"
"2022/04/24","08:00","0.483","-","0.448"
"2022/04/24","09:00","0.27","-","0.257"
"2022/04/24","10:00","0.019","-","0.015"
"2022/04/24","11:00","-0.185","-","-0.211"
"2022/04/24","12:00","-0.306","-","-0.37"
"2022/04/24","13:00","-0.372","-","-0.406"
"2022/04/24","14:00","-0.403","-","-0.419"
"2022/04/24","15:00","-0.367","-","-0.327"
"2022/04/24","16:00","-0.219","-","-0.127"
"2022/04/24","17:00","0.034","-","0.131"
"2022/04/24","18:00","0.305","-","0.378"
"2022/04/24","19:00","0.477","-","0.535"
"2022/04/24","20:00","0.48","-","0.491"
"2022/04/24","21:00","0.328","-","0.342"
"2022/04/24","22:00","0.092","-","0.154"
"2022/04/24","23:00","-0.135","-","-0.059"
"2022/04/25","00:00","-0.283","-","-0.242"
"2022/04/25","01:00","-0.351","-","-0.351"
"2022/04/25","02:00","-0.376","-","-0.368"
"2022/04/25","03:00","-0.358","-","-0.333"
"2022/04/25","04:00","-0.253","-","-0.234"
"2022/04/25","05:00","-0.042","-","-0.043"
"2022/04/25","06:00","0.228","-","0.234"
"2022/04/25","07:00","0.455","-","0.476"
"2022/04/25","08:00","0.549","-","0.576"
"2022/04/25","09:00","0.482","-","0.526"
"2022/04/25","10:00","0.288","-","0.317"
"2022/04/25","11:00","0.039","-","0.052"
"2022/04/25","12:00","-0.176","-","-0.216"
"2022/04/25","13:00","-0.317","-","-0.326"
"2022/04/25","14:00","-0.398","-","-0.333"
"2022/04/25","15:00","-0.43","-","-0.357"
"2022/04/25","16:00","-0.378","-","-0.288"
"2022/04/25","17:00","-0.207","-","-0.137"
"2022/04/25","18:00","0.061","-","0.098"
"2022/04/25","19:00","0.338","-","0.419"
"2022/04/25","20:00","0.517","-","0.606"
"2022/04/25","21:00","0.537","-","0.621"
"2022/04/25","22:00","0.397","-","0.516"
"2022/04/25","23:00","0.154","-","0.302"
"2022/04/26","00:00","-0.097","-","0.045"
"2022/04/26","01:00","-0.277","-","-0.215"
"2022/04/26","02:00","-0.376","-","-0.301"
"2022/04/26","03:00","-0.421","-","-0.297"
"2022/04/26","04:00","-0.402","-","-0.219"
"2022/04/26","05:00","-0.285","-","-0.106"
"2022/04/26","06:00","-0.063","-","0.093"
"2022/04/26","07:00","0.211","-","0.326"
"2022/04/26","08:00","0.445","-","0.514"
"2022/04/26","09:00","0.551","-","0.611"
"2022/04/26","10:00","0.494","-","0.57"
"2022/04/26","11:00","0.291","-","0.385"
"2022/04/26","12:00","0.021","-","0.096"
"2022/04/26","13:00","-0.214","-","-0.166"
"2022/04/26","14:00","-0.364","-","-0.333"
"2022/04/26","15:00","-0.441","-","-0.367"
"2022/04/26","16:00","-0.451","-","-0.331"
"2022/04/26","17:00","-0.367","-","-0.25"
"2022/04/26","18:00","-0.17","-","-0.072"
"2022/04/26","19:00","0.11","-","0.187"
"2022/04/26","20:00","0.395","-","0.453"
"2022/04/26","21:00","0.585","-","0.624"
"2022/04/26","22:00","0.609","-","0.67"
"2022/04/26","23:00","0.455","-","0.534"
"2022/04/27","00:00","0.181","-","0.284"
"2022/04/27","01:00","-0.104","-","0.016"
"2022/04/27","02:00","-0.309","-","-0.21"
"2022/04/27","03:00","-0.422","-","-0.332"
"2022/04/27","04:00","-0.464","-","-0.324"
"2022/04/27","05:00","-0.428","-","-0.228"
"2022/04/27","06:00","-0.294","-","-0.131"
"2022/04/27","07:00","-0.061","-","0.1"
"2022/04/27","08:00","0.222","-","0.38"
"2022/04/27","09:00","0.463","-","0.593"
"2022/04/27","10:00","0.571","-","0.65"
"2022/04/27","11:00","0.495","-","0.562"
"2022/04/27","12:00","0.259","-","0.34"
"2022/04/27","13:00","-0.041","-","0.049"
"2022/04/27","14:00","-0.289","-","-0.201"
"2022/04/27","15:00","-0.43","-","-0.359"
"2022/04/27","16:00","-0.479","-","-0.374"
"2022/04/27","17:00","-0.45","-","-0.312"
"2022/04/27","18:00","-0.33","-","-0.194"
"2022/04/27","19:00","-0.11","-","0.052"
"2022/04/27","20:00","0.185","-","0.309"
"2022/04/27","21:00","0.48","-","0.551"
"2022/04/27","22:00","0.667","-","0.695"
"2022/04/27","23:00","0.669","-","0.662"
"2022/04/28","00:00","0.475","-","0.486"
"2022/04/28","01:00","0.159","-","0.195"
"2022/04/28","02:00","-0.154","-","-0.148"
"2022/04/28","03:00","-0.367","-","-0.415"
"2022/04/28","04:00","-0.471","-","-0.549"
"2022/04/28","05:00","-0.492","-","-0.55"
"2022/04/28","06:00","-0.433","-","-0.456"
"2022/04/28","07:00","-0.28","-","-0.287"
"2022/04/28","08:00","-0.032","-","-0.032"
"2022/04/28","09:00","0.263","-","0.272"
"2022/04/28","10:00","0.504","-","0.481"
"2022/04/28","11:00","0.586","-","0.504"
"2022/04/28","12:00","0.466","-","0.365"
"2022/04/28","13:00","0.185","-","0.114"
"2022/04/28","14:00","-0.139","-","-0.159"
"2022/04/28","15:00","-0.38","-","-0.388"
"2022/04/28","16:00","-0.489","-","-0.494"
"2022/04/28","17:00","-0.493","-","-0.487"
"2022/04/28","18:00","-0.42","-","-0.393"
"2022/04/28","19:00","-0.267","-","-0.209"
"2022/04/28","20:00","-0.024","-","0.034"
"2022/04/28","21:00","0.286","-","0.362"
"2022/04/28","22:00","0.578","-","0.637"
"2022/04/28","23:00","0.738","-","0.764"
"2022/04/29","00:00","0.691","-","0.719"
"2022/04/29","01:00","0.443","-","0.488"
"2022/04/29","02:00","0.088","-","0.166"
"2022/04/29","03:00","-0.234","-","-0.176"
"2022/04/29","04:00","-0.432","-","-0.411"
"2022/04/29","05:00","-0.508","-","-0.492"
"2022/04/29","06:00","-0.501","-","-0.475"
"2022/04/29","07:00","-0.418","-","-0.389"
"2022/04/29","08:00","-0.241","-","-0.19"
"2022/04/29","09:00","0.029","-","0.078"
"2022/04/29","10:00","0.329","-","0.36"
"2022/04/29","11:00","0.544","-","0.538"
"2022/04/29","12:00","0.576","-","0.508"
"2022/04/29","13:00","0.399","-","0.338"
"2022/04/29","14:00","0.077","-","0.068"
"2022/04/29","15:00","-0.253","-","-0.214"
"2022/04/29","16:00","-0.461","-","-0.39"
"2022/04/29","17:00","-0.52","-","-0.424"
"2022/04/29","18:00","-0.475","-","-0.382"
"2022/04/29","19:00","-0.363","-","-0.273"
"2022/04/29","20:00","-0.179","-","-0.081"
"2022/04/29","21:00","0.088","-","0.222"
"2022/04/29","22:00","0.401","-","0.561"
"2022/04/29","23:00","0.665","-","0.818"
"2022/04/30","00:00","0.769","-","0.879"
"2022/04/30","01:00","0.658","-","0.727"
"2022/04/30","02:00","0.358","-","0.467"
"2022/04/30","03:00","-0.018","-","0.113"
"2022/04/30","04:00","-0.324","-","-0.18"
"2022/04/30","05:00","-0.486","-","-0.341"
"2022/04/30","06:00","-0.527","-","-0.386"
"2022/04/30","07:00","-0.49","-","-0.357"
"2022/04/30","08:00","-0.378","-","-0.263"
"2022/04/30","09:00","-0.171","-","-0.098"
"2022/04/30","10:00","0.114","-","0.186"
"2022/04/30","11:00","0.396","-","0.462"
"2022/04/30","12:00","0.562","-","0.631"
"2022/04/30","13:00","0.53","-","0.601"
"2022/04/30","14:00","0.297","-","0.377"
"2022/04/30","15:00","-0.049","-","0.039"
"2022/04/30","16:00","-0.356","-","-0.28"
"2022/04/30","17:00","-0.513","-","-0.439"
"2022/04/30","18:00","-0.516","-","-0.406"
"2022/04/30","19:00","-0.428","-","-0.309"
"2022/04/30","20:00","-0.281","-","-0.151"
"2022/04/30","21:00","-0.067","-","0.074"
"2022/04/30","22:00","0.212","-","0.364"
"2022/04/30","23:00","0.503","-","0.639"
"2022/05/01","00:00","0.712","-","0.847"
"2022/05/01","01:00","0.745","-","0.875"
"2022/05/01","02:00","0.57","-","0.693"
"2022/05/01","03:00","0.234","-","0.353"
"2022/05/01","04:00","-0.135","-","-0.016"
"2022/05/01","05:00","-0.401","-","-0.32"
"2022/05/01","06:00","-0.517","-","-0.434"
"2022/05/01","07:00","-0.522","-","-0.417"
"2022/05/01","08:00","-0.454","-","-0.331"
"2022/05/01","09:00","-0.309","-","-0.201"
"2022/05/01","10:00","-0.079","-","0.009"
"2022/05/01","11:00","0.201","-","0.251"
"2022/05/01","12:00","0.443","-","0.483"
"2022/05/01","13:00","0.545","-","0.605"
"2022/05/01","14:00","0.448","-","0.515"
"2022/05/01","15:00","0.175","-","0.273"
"2022/05/01","16:00","-0.168","-","-0.085"
"2022/05/01","17:00","-0.43","-","-0.363"
"2022/05/01","18:00","-0.526","-","-0.472"
"2022/05/01","19:00","-0.481","-","-0.396"
"2022/05/01","20:00","-0.355","-","-0.245"
"2022/05/01","21:00","-0.175","-","-0.036"
"2022/05/01","22:00","0.056","-","0.212"
"2022/05/01","23:00","0.322","-","0.459"
"2022/05/02","00:00","0.567","-","0.684"
"2022/05/02","01:00","0.706","-","0.786"
"2022/05/02","02:00","0.668","-","0.755"
"2022/05/02","03:00","0.443","-","0.553"
"2022/05/02","04:00","0.099","-","0.252"
"2022/05/02","05:00","-0.237","-","-0.09"
"2022/05/02","06:00","-0.45","-","-0.322"
"2022/05/02","07:00","-0.52","-","-0.404"
"2022/05/02","08:00","-0.491","-","-0.409"
"2022/05/02","09:00","-0.39","-","-0.283"
"2022/05/02","10:00","-0.218","-","-0.072"
"2022/05/02","11:00","0.016","-","0.176"
"2022/05/02","12:00","0.269","-","0.427"
"2022/05/02","13:00","0.456","-","0.58"
"2022/05/02","14:00","0.492","-","0.58"
"2022/05/02","15:00","0.342","-","0.414"
"2022/05/02","16:00","0.053","-","0.142"
"2022/05/02","17:00","-0.261","-","-0.136"
"2022/05/02","18:00","-0.466","-","-0.368"
"2022/05/02","19:00","-0.505","-","-0.388"
"2022/05/02","20:00","-0.417","-","-0.273"
"2022/05/02","21:00","-0.259","-","-0.111"
"2022/05/02","22:00","-0.062","-","0.118"
"2022/05/02","23:00","0.163","-","0.36"
"2022/05/03","00:00","0.395","-","0.586"
"2022/05/03","01:00","0.581","-","0.739"
"2022/05/03","02:00","0.648","-","0.806"
"2022/05/03","03:00","0.551","-","0.694"
"2022/05/03","04:00","0.302","-","0.464"
"2022/05/03","05:00","-0.023","-","0.107"
"2022/05/03","06:00","-0.309","-","-0.198"
"2022/05/03","07:00","-0.467","-","-0.359"
"2022/05/03","08:00","-0.492","-","-0.363"
"2022/05/03","09:00","-0.429","-","-0.317"
"2022/05/03","10:00","-0.305","-","-0.196"
"2022/05/03","11:00","-0.126","-","-0.015"
"2022/05/03","12:00","0.094","-","0.188"
"2022/05/03","13:00","0.306","-","0.402"
"2022/05/03","14:00","0.435","-","0.492"
"2022/05/03","15:00","0.412","-","0.45"
"2022/05/03","16:00","0.231","-","0.241"
"2022/05/03","17:00","-0.05","-","-0.025"
"2022/05/03","18:00","-0.32","-","-0.284"
"2022/05/03","19:00","-0.467","-","-0.41"
"2022/05/03","20:00","-0.455","-","-0.364"
"2022/05/03","21:00","-0.331","-","-0.219"
"2022/05/03","22:00","-0.157","-","-0.074"
"2022/05/03","23:00","0.036","-","0.118"
"2022/05/04","00:00","0.236","-","0.308"
"2022/05/04","01:00","0.423","-","0.482"
"2022/05/04","02:00","0.548","-","0.649"
"2022/05/04","03:00","0.555","-","0.692"
"2022/05/04","04:00","0.421","-","0.568"
"2022/05/04","05:00","0.173","-","0.272"
"2022/05/04","06:00","-0.117","-","-0.055"
"2022/05/04","07:00","-0.347","-","-0.289"
"2022/05/04","08:00","-0.449","-","-0.372"
"2022/05/04","09:00","-0.434","-","-0.326"
"2022/05/04","10:00","-0.349","-","-0.208"
"2022/05/04","11:00","-0.22","-","-0.113"
"2022/05/04","12:00","-0.05","-","0.001"
"2022/05/04","13:00","0.144","-","0.224"
"2022/05/04","14:00","0.313","-","0.432"
"2022/05/04","15:00","0.388","-","0.46"
"2022/05/04","16:00","0.324","-","0.435"
"2022/05/04","17:00","0.132","-","0.202"
"2022/05/04","18:00","-0.127","-","-0.058"
"2022/05/04","19:00","-0.349","-","-0.282"
"2022/05/04","20:00","-0.439","-","-0.376"
"2022/05/04","21:00","-0.382","-","-0.269"
"2022/05/04","22:00","-0.239","-","-0.12"
"2022/05/04","23:00","-0.071","-","0.035"
"2022/05/05","00:00","0.101","-","0.232"
"2022/05/05","01:00","0.269","-","0.366"
"2022/05/05","02:00","0.412","-","0.508"
"2022/05/05","03:00","0.486","-","0.578"
"2022/05/05","04:00","0.45","-","0.541"
"2022/05/05","05:00","0.301","-","0.358"
"2022/05/05","06:00","0.069","-","0.1"
"2022/05/05","07:00","-0.179","-","-0.156"
"2022/05/05","08:00","-0.351","-","-0.276"
"2022/05/05","09:00","-0.401","-","-0.292"
"2022/05/05","10:00","-0.359","-","-0.272"
"2022/05/05","11:00","-0.272","-","-0.196"
"2022/05/05","12:00","-0.153","-","-0.093"
"2022/05/05","13:00","0","-","0.077"
"2022/05/05","14:00","0.168","-","0.27"
"2022/05/05","15:00","0.299","-","0.405"
"2022/05/05","16:00","0.334","-","0.391"
"2022/05/05","17:00","0.245","-","0.279"
"2022/05/05","18:00","0.053","-","0.068"
"2022/05/05","19:00","-0.177","-","-0.16"
"2022/05/05","20:00","-0.349","-","-0.28"
"2022/05/05","21:00","-0.386","-","-0.272"
"2022/05/05","22:00","-0.301","-","-0.179"
"2022/05/05","23:00","-0.164","-","-0.016"
"2022/05/06","00:00","-0.017","-","0.106"
"2022/05/06","01:00","0.13","-","0.261"
"2022/05/06","02:00","0.27","-","0.398"
"2022/05/06","03:00","0.379","-","0.497"
"2022/05/06","04:00","0.416","-","0.558"
"2022/05/06","05:00","0.355","-","0.487"
"2022/05/06","06:00","0.202","-","0.314"
"2022/05/06","07:00","-0.008","-","0.063"
"2022/05/06","08:00","-0.209","-","-0.175"
"2022/05/06","09:00","-0.325","-","-0.237"
"2022/05/06","10:00","-0.338","-","-0.215"
"2022/05/06","11:00","-0.291","-","-0.164"
"2022/05/06","12:00","-0.217","-","-0.123"
"2022/05/06","13:00","-0.111","-","-0.004"
"2022/05/06","14:00","0.029","-","0.132"
"2022/05/06","15:00","0.178","-","0.327"
"2022/05/06","16:00","0.282","-","0.404"
"2022/05/06","17:00","0.288","-","0.38"
"2022/05/06","18:00","0.183","-","0.277"
"2022/05/06","19:00","-0.003","-","0.045"
"2022/05/06","20:00","-0.201","-","-0.134"
"2022/05/06","21:00","-0.323","-","-0.203"
"2022/05/06","22:00","-0.324","-","-0.184"
"2022/05/06","23:00","-0.237","-","-0.081"
"2022/05/07","00:00","-0.12","-","0.05"
"2022/05/07","01:00","0.003","-","0.171"
"2022/05/07","02:00","0.132","-","0.32"
"2022/05/07","03:00","0.256","-","0.472"
"2022/05/07","04:00","0.344","-","0.519"
"2022/05/07","05:00","0.358","-","0.53"
"2022/05/07","06:00","0.28","-","0.437"
"2022/05/07","07:00","0.128","-","0.24"
"2022/05/07","08:00","-0.057","-","0.027"
"2022/05/07","09:00","-0.213","-","-0.066"
"2022/05/07","10:00","-0.288","-","-0.063"
"2022/05/07","11:00","-0.288","-","-0.007"
"2022/05/07","12:00","-0.252","-","-0.012"
"2022/05/07","13:00","-0.191","-","0.036"
"2022/05/07","14:00","-0.09","-","0.129"
"2022/05/07","15:00","0.049","-","0.297"
"2022/05/07","16:00","0.191","-","0.421"
"2022/05/07","17:00","0.276","-","0.519"
"2022/05/07","18:00","0.259","-","0.482"
"2022/05/07","19:00","0.141","-","0.335"
"2022/05/07","20:00","-0.034","-","0.107"
"2022/05/07","21:00","-0.199","-","-0.025"
"2022/05/07","22:00","-0.286","-","-0.092"
"2022/05/07","23:00","-0.276","-","-0.04"
"2022/05/08","00:00","-0.205","-","0.051"
"2022/05/08","01:00","-0.112","-","0.151"
"2022/05/08","02:00","-0.003","-","0.23"
"2022/05/08","03:00","0.122","-","0.388"
"2022/05/08","04:00","0.244","-","0.563"
"2022/05/08","05:00","0.323","-","0.67"
"2022/05/08","06:00","0.319","-","0.672"
"2022/05/08","07:00","0.226","-","0.558"
"2022/05/08","08:00","0.078","-","0.37"
"2022/05/08","09:00","-0.082","-","0.213"
"2022/05/08","10:00","-0.206","-","0.135"
"2022/05/08","11:00","-0.265","-","0.094"
"2022/05/08","12:00","-0.27","-","0.042"
"2022/05/08","13:00","-0.246","-","0.046"
"2022/05/08","14:00","-0.187","-","0.09"
"2022/05/08","15:00","-0.076","-","0.226"
"2022/05/08","16:00","0.076","-","0.411"
"2022/05/08","17:00","0.219","-","0.55"
"2022/05/08","18:00","0.289","-","0.585"
"2022/05/08","19:00","0.25","-","0.493"
"2022/05/08","20:00","0.125","-","0.334"
"2022/05/08","21:00","-0.037","-","0.219"
"2022/05/08","22:00","-0.182","-","0.115"
"2022/05/08","23:00","-0.26","-","0.048"
"2022/05/09","00:00","-0.259","-","0.028"
"2022/05/09","01:00","-0.21","-","0.034"
"2022/05/09","02:00","-0.132","-","0.128"
"2022/05/09","03:00","-0.022","-","0.247"
"2022/05/09","04:00","0.116","-","0.42"
"2022/05/09","05:00","0.247","-","0.602"
"2022/05/09","06:00","0.319","-","0.656"
"2022/05/09","07:00","0.298","-","0.613"
"2022/05/09","08:00","0.196","-","0.487"
"2022/05/09","09:00","0.053","-","0.33"
"2022/05/09","10:00","-0.095","-","0.182"
"2022/05/09","11:00","-0.212","-","0.072"
"2022/05/09","12:00","-0.275","-","0.012"
"2022/05/09","13:00","-0.289","-","-0.02"
"2022/05/09","14:00","-0.266","-","-0.033"
"2022/05/09","15:00","-0.191","-","0.02"
"2022/05/09","16:00","-0.053","-","0.156"
"2022/05/09","17:00","0.122","-","0.376"
"2022/05/09","18:00","0.269","-","0.568"
"2022/05/09","19:00","0.323","-","0.609"
"2022/05/09","20:00","0.269","-","0.53"
"2022/05/09","21:00","0.14","-","0.348"
"2022/05/09","22:00","-0.022","-","0.152"
"2022/05/09","23:00","-0.171","-","0.051"
"2022/05/10","00:00","-0.263","-","0.015"
"2022/05/10","01:00","-0.281","-","0.036"
"2022/05/10","02:00","-0.247","-","0.06"
"2022/05/10","03:00","-0.168","-","0.13"
"2022/05/10","04:00","-0.039","-","0.264"
"2022/05/10","05:00","0.123","-","0.442"
"2022/05/10","06:00","0.265","-","0.63"
"2022/05/10","07:00","0.332","-","0.705"
"2022/05/10","08:00","0.299","-","0.662"
"2022/05/10","09:00","0.191","-","0.499"
"2022/05/10","10:00","0.041","-","0.302"
"2022/05/10","11:00","-0.119","-","0.121"
"2022/05/10","12:00","-0.25","-","-0.032"
"2022/05/10","13:00","-0.322","-","-0.093"
"2022/05/10","14:00","-0.336","-","-0.118"
"2022/05/10","15:00","-0.296","-","-0.094"
"2022/05/10","16:00","-0.186","-","0.018"
"2022/05/10","17:00","-0.008","-","0.179"
"2022/05/10","18:00","0.191","-","0.348"
"2022/05/10","19:00","0.34","-","0.495"
"2022/05/10","20:00","0.385","-","0.536"
"2022/05/10","21:00","0.32","-","0.475"
"2022/05/10","22:00","0.177","-","0.363"
"2022/05/10","23:00","-0.009","-","0.175"
"2022/05/11","00:00","-0.188","-","0.02"
"2022/05/11","01:00","-0.303","-","-0.1"
"2022/05/11","02:00","-0.337","-","-0.134"
"2022/05/11","03:00","-0.303","-","-0.065"
"2022/05/11","04:00","-0.206","-","0.051"
"2022/05/11","05:00","-0.047","-","0.195"
"2022/05/11","06:00","0.14","-","0.36"
"2022/05/11","07:00","0.295","-","0.505"
"2022/05/11","08:00","0.362","-","0.571"
"2022/05/11","09:00","0.325","-","0.554"
"2022/05/11","10:00","0.202","-","0.457"
"2022/05/11","11:00","0.025","-","0.242"
"2022/05/11","12:00","-0.169","-","0.035"
"2022/05/11","13:00","-0.322","-","-0.118"
"2022/05/11","14:00","-0.396","-","-0.186"
"2022/05/11","15:00","-0.393","-","-0.208"
"2022/05/11","16:00","-0.317","-","-0.164"
"2022/05/11","17:00","-0.16","-","-0.012"
"2022/05/11","18:00","0.058","-","0.208"
"2022/05/11","19:00","0.28","-","0.446"
"2022/05/11","20:00","0.436","-","0.58"
"2022/05/11","21:00","0.477","-","0.602"
"2022/05/11","22:00","0.395","-","0.495"
"2022/05/11","23:00","0.215","-","0.308"
"2022/05/12","00:00","-0.02","-","0.084"
"2022/05/12","01:00","-0.238","-","-0.121"
"2022/05/12","02:00","-0.375","-","-0.244"
"2022/05/12","03:00","-0.412","-","-0.281"
"2022/05/12","04:00","-0.365","-","-0.233"
"2022/05/12","05:00","-0.238","-","-0.124"
"2022/05/12","06:00","-0.047","-","0.051"
"2022/05/12","07:00","0.166","-","0.233"
"2022/05/12","08:00","0.338","-","0.426"
"2022/05/12","09:00","0.414","-","0.501"
"2022/05/12","10:00","0.368","-","0.452"
"2022/05/12","11:00","0.212","-","0.286"
"2022/05/12","12:00","-0.014","-","0.034"
"2022/05/12","13:00","-0.249","-","-0.194"
"2022/05/12","14:00","-0.416","-","-0.361"
"2022/05/12","15:00","-0.477","-","-0.418"
"2022/05/12","16:00","-0.44","-","-0.389"
"2022/05/12","17:00","-0.316","-","-0.262"
"2022/05/12","18:00","-0.112","-","-0.076"
"2022/05/12","19:00","0.142","-","0.154"
"2022/05/12","20:00","0.389","-","0.412"
"2022/05/12","21:00","0.558","-","0.588"
"2022/05/12","22:00","0.59","-","0.633"
"2022/05/12","23:00","0.47","-","0.478"
"2022/05/13","00:00","0.23","-","0.236"
"2022/05/13","01:00","-0.063","-","-0.043"
"2022/05/13","02:00","-0.319","-","-0.303"
"2022/05/13","03:00","-0.465","-","-0.4"
"2022/05/13","04:00","-0.491","-","-0.411"
"2022/05/13","05:00","-0.418","-","-0.373"
"2022/05/13","06:00","-0.263","-","-0.253"
"2022/05/13","07:00","-0.042","-","-0.027"
"2022/05/13","08:00","0.201","-","0.223"
"2022/05/13","09:00","0.4","-","0.453"
"2022/05/13","10:00","0.483","-","0.513"
"2022/05/13","11:00","0.412","-","0.428"
"2022/05/13","12:00","0.203","-","0.208"
"2022/05/13","13:00","-0.081","-","-0.082"
"2022/05/13","14:00","-0.35","-","-0.325"
"2022/05/13","15:00","-0.516","-","-0.486"
"2022/05/13","16:00","-0.546","-","-0.499"
"2022/05/13","17:00","-0.463","-","-0.443"
"2022/05/13","18:00","-0.293","-","-0.272"
"2022/05/13","19:00","-0.05","-","-0.048"
"2022/05/13","20:00","0.24","-","0.245"
"2022/05/13","21:00","0.517","-","0.555"
"2022/05/13","22:00","0.694","-","0.734"
"2022/05/13","23:00","0.699","-","0.738"
"2022/05/14","00:00","0.521","-","0.578"
"2022/05/14","01:00","0.212","-","0.237"
"2022/05/14","02:00","-0.136","-","-0.111"
"2022/05/14","03:00","-0.414","-","-0.381"
"2022/05/14","04:00","-0.553","-","-0.503"
"2022/05/14","05:00","-0.556","-","-0.51"
"2022/05/14","06:00","-0.459","-","-0.447"
"2022/05/14","07:00","-0.278","-","-0.267"
"2022/05/14","08:00","-0.026","-","0.011"
"2022/05/14","09:00","0.254","-","0.316"
"2022/05/14","10:00","0.477","-","0.52"
"2022/05/14","11:00","0.551","-","0.558"
"2022/05/14","12:00","0.436","-","0.434"
"2022/05/14","13:00","0.168","-","0.171"
"2022/05/14","14:00","-0.167","-","-0.173"
"2022/05/14","15:00","-0.454","-","-0.418"
"2022/05/14","16:00","-0.599","-","-0.558"
"2022/05/14","17:00","-0.586","-","-0.568"
"2022/05/14","18:00","-0.461","-","-0.46"
"2022/05/14","19:00","-0.255","-","-0.273"
"2022/05/14","20:00","0.023","-","0.034"
"2022/05/14","21:00","0.35","-","0.389"
"2022/05/14","22:00","0.65","-","0.666"
"2022/05/14","23:00","0.817","-","0.85"
"2022/05/15","00:00","0.777","-","0.849"
"2022/05/15","01:00","0.534","-","0.579"
"2022/05/15","02:00","0.161","-","0.181"
"2022/05/15","03:00","-0.225","-","-0.191"
"2022/05/15","04:00","-0.504","-","-0.454"
"2022/05/15","05:00","-0.619","-","-0.542"
"2022/05/15","06:00","-0.6","-","-0.529"
"2022/05/15","07:00","-0.485","-","-0.431"
"2022/05/15","08:00","-0.28","-","-0.205"
"2022/05/15","09:00","0.008","-","0.106"
"2022/05/15","10:00","0.321","-","0.43"
"2022/05/15","11:00","0.552","-","0.667"
"2022/05/15","12:00","0.6","-","0.702"
"2022/05/15","13:00","0.433","-","0.555"
"2022/05/15","14:00","0.109","-","0.245"
"2022/05/15","15:00","-0.26","-","-0.115"
"2022/05/15","16:00","-0.541","-","-0.39"
"2022/05/15","17:00","-0.648","-","-0.49"
"2022/05/15","18:00","-0.596","-","-0.43"
"2022/05/15","19:00","-0.44","-","-0.289"
"2022/05/15","20:00","-0.207","-","-0.047"
"2022/05/15","21:00","0.104","-","0.28"
"2022/05/15","22:00","0.459","-","0.636"
"2022/05/15","23:00","0.763","-","0.93"
"2022/05/16","00:00","0.903","-","1.081"
"2022/05/16","01:00","0.81","-","1.008"
"2022/05/16","02:00","0.506","-","0.685"
"2022/05/16","03:00","0.088","-","0.262"
"2022/05/16","04:00","-0.309","-","-0.145"
"2022/05/16","05:00","-0.567","-","-0.384"
"2022/05/16","06:00","-0.655","-","-0.49"
"2022/05/16","07:00","-0.619","-","-0.492"
"2022/05/16","08:00","-0.489","-","-0.375"
"2022/05/16","09:00","-0.259","-","-0.099"
"2022/05/16","10:00","0.058","-","0.232"
"2022/05/16","11:00","0.387","-","0.581"
"2022/05/16","12:00","0.607","-","0.774"
"2022/05/16","13:00","0.618","-","0.768"
"2022/05/16","14:00","0.404","-","0.578"
"2022/05/16","15:00","0.04","-","0.234"
"2022/05/16","16:00","-0.338","-","-0.17"
"2022/05/16","17:00","-0.594","-","-0.399"
"2022/05/16","18:00","-0.662","-","-0.445"
"2022/05/16","19:00","-0.58","-","-0.391"
"2022/05/16","20:00","-0.405","-","-0.221"
"2022/05/16","21:00","-0.15","-","0.067"
"2022/05/16","22:00","0.181","-","0.431"
"2022/05/16","23:00","0.543","-","0.821"
"2022/05/17","00:00","0.834","-","1.119"
"2022/05/17","01:00","0.937","-","1.24"
"2022/05/17","02:00","0.796","-","1.081"
"2022/05/17","03:00","0.45","-","0.717"
"2022/05/17","04:00","0.015","-","0.309"
"2022/05/17","05:00","-0.367","-","-0.108"
"2022/05/17","06:00","-0.594","-","-0.308"
"2022/05/17","07:00","-0.659","-","-0.409"
"2022/05/17","08:00","-0.609","-","-0.426"
"2022/05/17","09:00","-0.465","-","-0.377"
"2022/05/17","10:00","-0.219","-","-0.134"
"2022/05/17","11:00","0.11","-","0.244"
"2022/05/17","12:00","0.435","-","0.632"
"2022/05/17","13:00","0.634","-","0.808"
"2022/05/17","14:00","0.608","-","0.768"
"2022/05/17","15:00","0.358","-","0.51"
"2022/05/17","16:00","-0.022","-","0.13"
"2022/05/17","17:00","-0.387","-","-0.225"
"2022/05/17","18:00","-0.608","-","-0.448"
"2022/05/17","19:00","-0.645","-","-0.437"
"2022/05/17","20:00","-0.543","-","-0.349"
"2022/05/17","21:00","-0.357","-","-0.188"
"2022/05/17","22:00","-0.096","-","0.056"
"2022/05/17","23:00","0.235","-","0.358"
"2022/05/18","00:00","0.585","-","0.693"
"2022/05/18","01:00","0.852","-","0.951"
"2022/05/18","02:00","0.92","-","1.051"
"2022/05/18","03:00","0.745","-","0.904"
"2022/05/18","04:00","0.383","-","0.557"
"2022/05/18","05:00","-0.042","-","0.099"
"2022/05/18","06:00","-0.394","-","-0.272"
"2022/05/18","07:00","-0.588","-","-0.427"
"2022/05/18","08:00","-0.63","-","-0.493"
"2022/05/18","09:00","-0.569","-","-0.491"
"2022/05/18","10:00","-0.421","-","-0.374"
"2022/05/18","11:00","-0.175","-","-0.126"
"2022/05/18","12:00","0.147","-","0.228"
"2022/05/18","13:00","0.458","-","0.556"
"2022/05/18","14:00","0.632","-","0.709"
"2022/05/18","15:00","0.579","-","0.633"
"2022/05/18","16:00","0.313","-","0.353"
"2022/05/18","17:00","-0.061","-","-0.044"
"2022/05/18","18:00","-0.401","-","-0.371"
"2022/05/18","19:00","-0.589","-","-0.522"
"2022/05/18","20:00","-0.6","-","-0.482"
"2022/05/18","21:00","-0.488","-","-0.393"
"2022/05/18","22:00","-0.307","-","-0.219"
"2022/05/18","23:00","-0.061","-","0.002"
"2022/05/19","00:00","0.251","-","0.32"
"2022/05/19","01:00","0.581","-","0.648"
"2022/05/19","02:00","0.822","-","0.926"
"2022/05/19","03:00","0.865","-","1.026"
"2022/05/19","04:00","0.677","-","0.858"
"2022/05/19","05:00","0.323","-","0.476"
"2022/05/19","06:00","-0.077","-","0.047"
"2022/05/19","07:00","-0.393","-","-0.263"
"2022/05/19","08:00","-0.551","-","-0.425"
"2022/05/19","09:00","-0.573","-","-0.472"
"2022/05/19","10:00","-0.511","-","-0.428"
"2022/05/19","11:00","-0.374","-","-0.285"
"2022/05/19","12:00","-0.143","-","-0.021"
"2022/05/19","13:00","0.165","-","0.313"
"2022/05/19","14:00","0.459","-","0.598"
"2022/05/19","15:00","0.613","-","0.742"
"2022/05/19","16:00","0.546","-","0.69"
"2022/05/19","17:00","0.283","-","0.428"
"2022/05/19","18:00","-0.074","-","0.089"
"2022/05/19","19:00","-0.384","-","-0.184"
"2022/05/19","20:00","-0.54","-","-0.339"
"2022/05/19","21:00","-0.531","-","-0.324"
"2022/05/19","22:00","-0.426","-","-0.236"
"2022/05/19","23:00","-0.27","-","-0.069"
"2022/05/20","00:00","-0.055","-","0.108"
"2022/05/20","01:00","0.23","-","0.417"
"2022/05/20","02:00","0.538","-","0.696"
"2022/05/20","03:00","0.76","-","0.927"
"2022/05/20","04:00","0.791","-","0.964"
"2022/05/20","05:00","0.608","-","0.766"
"2022/05/20","06:00","0.273","-","0.425"
"2022/05/20","07:00","-0.094","-","0.053"
"2022/05/20","08:00","-0.368","-","-0.201"
"2022/05/20","09:00","-0.491","-","-0.303"
"2022/05/20","10:00","-0.503","-","-0.379"
"2022/05/20","11:00","-0.454","-","-0.359"
"2022/05/20","12:00","-0.34","-","-0.279"
"2022/05/20","13:00","-0.127","-","-0.047"
"2022/05/20","14:00","0.166","-","0.298"
"2022/05/20","15:00","0.448","-","0.592"
"2022/05/20","16:00","0.591","-","0.705"
"2022/05/20","17:00","0.524","-","0.61"
"2022/05/20","18:00","0.272","-","0.351"
"2022/05/20","19:00","-0.062","-","0.081"
"2022/05/20","20:00","-0.339","-","-0.2"
"2022/05/20","21:00","-0.464","-","-0.304"
"2022/05/20","22:00","-0.451","-","-0.283"
"2022/05/20","23:00","-0.373","-","-0.2"
"2022/05/21","00:00","-0.258","-","-0.077"
"2022/05/21","01:00","-0.077","-","0.113"
"2022/05/21","02:00","0.184","-","0.296"
"2022/05/21","03:00","0.474","-","0.637"
"2022/05/21","04:00","0.685","-","0.868"
"2022/05/21","05:00","0.715","-","0.925"
"2022/05/21","06:00","0.543","-","0.767"
"2022/05/21","07:00","0.233","-","0.451"
"2022/05/21","08:00","-0.096","-","0.121"
"2022/05/21","09:00","-0.326","-","-0.11"
"2022/05/21","10:00","-0.424","-","-0.218"
"2022/05/21","11:00","-0.441","-","-0.219"
"2022/05/21","12:00","-0.416","-","-0.223"
"2022/05/21","13:00","-0.323","-","-0.146"
"2022/05/21","14:00","-0.123","-","0.03"
"2022/05/21","15:00","0.164","-","0.295"
"2022/05/21","16:00","0.439","-","0.523"
"2022/05/21","17:00","0.579","-","0.636"
"2022/05/21","18:00","0.516","-","0.607"
"2022/05/21","19:00","0.278","-","0.413"
"2022/05/21","20:00","-0.027","-","0.133"
"2022/05/21","21:00","-0.27","-","-0.148"
"2022/05/21","22:00","-0.378","-","-0.32"
"2022/05/21","23:00","-0.381","-","-0.316"
"2022/05/22","00:00","-0.343","-","-0.246"
"2022/05/22","01:00","-0.268","-","-0.14"
"2022/05/22","02:00","-0.116","-","0.021"
"2022/05/22","03:00","0.129","-","0.27"
"2022/05/22","04:00","0.41","-","0.535"
"2022/05/22","05:00","0.614","-","0.749"
"2022/05/22","06:00","0.644","-","0.755"
"2022/05/22","07:00","0.483","-","0.581"
"2022/05/22","08:00","0.2","-","0.336"
"2022/05/22","09:00","-0.088","-","0.072"
"2022/05/22","10:00","-0.283","-","-0.132"
"2022/05/22","11:00","-0.373","-","-0.22"
"2022/05/22","12:00","-0.405","-","-0.265"
"2022/05/22","13:00","-0.4","-","-0.301"
"2022/05/22","14:00","-0.316","-","-0.194"
"2022/05/22","15:00","-0.117","-","-0.004"
"2022/05/22","16:00","0.17","-","0.283"
"2022/05/22","17:00","0.443","-","0.571"
"2022/05/22","18:00","0.579","-","0.691"
"2022/05/22","19:00","0.52","-","0.623"
"2022/05/22","20:00","0.301","-","0.404"
"2022/05/22","21:00","0.026","-","0.164"
"2022/05/22","22:00","-0.193","-","-0.072"
"2022/05/22","23:00","-0.302","-","-0.201"
"2022/05/23","00:00","-0.336","-","-0.204"
"2022/05/23","01:00","-0.338","-","-0.182"
"2022/05/23","02:00","-0.293","-","-0.135"
"2022/05/23","03:00","-0.155","-","-0.027"
"2022/05/23","04:00","0.082","-","0.161"
"2022/05/23","05:00","0.357","-","0.419"
"2022/05/23","06:00","0.552","-","0.66"
"2022/05/23","07:00","0.579","-","0.688"
"2022/05/23","08:00","0.431","-","0.531"
"2022/05/23","09:00","0.178","-","0.268"
"2022/05/23","10:00","-0.079","-","-0.061"
"2022/05/23","11:00","-0.258","-","-0.274"
"2022/05/23","12:00","-0.352","-","-0.366"
"2022/05/23","13:00","-0.397","-","-0.382"
"2022/05/23","14:00","-0.396","-","-0.318"
"2022/05/23","15:00","-0.306","-","-0.266"
"2022/05/23","16:00","-0.097","-","-0.07"
"2022/05/23","17:00","0.194","-","0.264"
"2022/05/23","18:00","0.461","-","0.523"
"2022/05/23","19:00","0.59","-","0.642"
"2022/05/23","20:00","0.536","-","0.571"
"2022/05/23","21:00","0.339","-","0.396"
"2022/05/23","22:00","0.084","-","0.163"
"2022/05/23","23:00","-0.13","-","-0.076"
"2022/05/24","00:00","-0.258","-","-0.216"
"2022/05/24","01:00","-0.324","-","-0.261"
"2022/05/24","02:00","-0.352","-","-0.254"
"2022/05/24","03:00","-0.319","-","-0.195"
"2022/05/24","04:00","-0.183","-","-0.08"
"2022/05/24","05:00","0.054","-","0.098"
"2022/05/24","06:00","0.319","-","0.36"
"2022/05/24","07:00","0.501","-","0.564"
"2022/05/24","08:00","0.525","-","0.577"
"2022/05/24","09:00","0.392","-","0.439"
"2022/05/24","10:00","0.158","-","0.181"
"2022/05/24","11:00","-0.087","-","-0.098"
"2022/05/24","12:00","-0.264","-","-0.319"
"2022/05/24","13:00","-0.361","-","-0.383"
"2022/05/24","14:00","-0.405","-","-0.361"
"2022/05/24","15:00","-0.391","-","-0.286"
"2022/05/24","16:00","-0.28","-","-0.195"
"2022/05/24","17:00","-0.055","-","0.003"
"2022/05/24","18:00","0.236","-","0.279"
"2022/05/24","19:00","0.49","-","0.523"
"2022/05/24","20:00","0.612","-","0.661"
"2022/05/24","21:00","0.567","-","0.668"
"2022/05/24","22:00","0.379","-","0.484"
"2022/05/24","23:00","0.124","-","0.237"
"2022/05/25","00:00","-0.103","-","-0.034"
"2022/05/25","01:00","-0.253","-","-0.249"
"2022/05/25","02:00","-0.338","-","-0.308"
"2022/05/25","03:00","-0.375","-","-0.288"
"2022/05/25","04:00","-0.336","-","-0.22"
"2022/05/25","05:00","-0.191","-","-0.083"
"2022/05/25","06:00","0.045","-","0.082"
"2022/05/25","07:00","0.296","-","0.309"
"2022/05/25","08:00","0.466","-","0.501"
"2022/05/25","09:00","0.492","-","0.553"
"2022/05/25","10:00","0.364","-","0.402"
"2022/05/25","11:00","0.128","-","0.179"
"2022/05/25","12:00","-0.122","-","-0.107"
"2022/05/25","13:00","-0.3","-","-0.301"
"2022/05/25","14:00","-0.39","-","-0.368"
"2022/05/25","15:00","-0.414","-","-0.344"
"2022/05/25","16:00","-0.37","-","-0.282"
"2022/05/25","17:00","-0.23","-","-0.152"
"2022/05/25","18:00","0.006","-","0.059"
"2022/05/25","19:00","0.289","-","0.33"
"2022/05/25","20:00","0.53","-","0.573"
"2022/05/25","21:00","0.648","-","0.685"
"2022/05/25","22:00","0.6","-","0.643"
"2022/05/25","23:00","0.402","-","0.448"
"2022/05/26","00:00","0.126","-","0.165"
"2022/05/26","01:00","-0.12","-","-0.105"
"2022/05/26","02:00","-0.282","-","-0.31"
"2022/05/26","03:00","-0.37","-","-0.374"
"2022/05/26","04:00","-0.395","-","-0.36"
"2022/05/26","05:00","-0.337","-","-0.311"
"2022/05/26","06:00","-0.181","-","-0.173"
"2022/05/26","07:00","0.05","-","0.029"
"2022/05/26","08:00","0.292","-","0.273"
"2022/05/26","09:00","0.456","-","0.497"
"2022/05/26","10:00","0.476","-","0.502"
"2022/05/26","11:00","0.332","-","0.354"
"2022/05/26","12:00","0.077","-","0.097"
"2022/05/26","13:00","-0.183","-","-0.199"
"2022/05/26","14:00","-0.353","-","-0.386"
"2022/05/26","15:00","-0.42","-","-0.438"
"2022/05/26","16:00","-0.409","-","-0.347"
"2022/05/26","17:00","-0.326","-","-0.232"
"2022/05/26","18:00","-0.162","-","-0.097"
"2022/05/26","19:00","0.078","-","0.127"
"2022/05/26","20:00","0.353","-","0.378"
"2022/05/26","21:00","0.584","-","0.61"
"2022/05/26","22:00","0.688","-","0.714"
"2022/05/26","23:00","0.617","-","0.662"
"2022/05/27","00:00","0.385","-","0.462"
"2022/05/27","01:00","0.083","-","0.135"
"2022/05/27","02:00","-0.176","-","-0.161"
"2022/05/27","03:00","-0.334","-","-0.347"
"2022/05/27","04:00","-0.405","-","-0.381"
"2022/05/27","05:00","-0.404","-","-0.343"
"2022/05/27","06:00","-0.324","-","-0.244"
"2022/05/27","07:00","-0.158","-","-0.083"
"2022/05/27","08:00","0.076","-","0.141"
"2022/05/27","09:00","0.315","-","0.389"
"2022/05/27","10:00","0.469","-","0.537"
"2022/05/27","11:00","0.463","-","0.552"
"2022/05/27","12:00","0.285","-","0.383"
"2022/05/27","13:00","0.002","-","0.131"
"2022/05/27","14:00","-0.26","-","-0.144"
"2022/05/27","15:00","-0.408","-","-0.344"
"2022/05/27","16:00","-0.437","-","-0.378"
"2022/05/27","17:00","-0.382","-","-0.293"
"2022/05/27","18:00","-0.264","-","-0.128"
"2022/05/27","19:00","-0.083","-","0.052"
"2022/05/27","20:00","0.16","-","0.311"
"2022/05/27","21:00","0.429","-","0.549"
"2022/05/27","22:00","0.643","-","0.732"
"2022/05/27","23:00","0.714","-","0.8"
"2022/05/28","00:00","0.597","-","0.715"
"2022/05/28","01:00","0.324","-","0.443"
"2022/05/28","02:00","0","-","0.133"
"2022/05/28","03:00","-0.254","-","-0.125"
"2022/05/28","04:00","-0.39","-","-0.276"
"2022/05/28","05:00","-0.431","-","-0.303"
"2022/05/28","06:00","-0.401","-","-0.265"
"2022/05/28","07:00","-0.299","-","-0.161"
"2022/05/28","08:00","-0.118","-","0.056"
"2022/05/28","09:00","0.127","-","0.288"
"2022/05/28","10:00","0.362","-","0.52"
"2022/05/28","11:00","0.488","-","0.657"
"2022/05/28","12:00","0.437","-","0.577"
"2022/05/28","13:00","0.215","-","0.376"
"2022/05/28","14:00","-0.089","-","0.053"
"2022/05/28","15:00","-0.338","-","-0.201"
"2022/05/28","16:00","-0.448","-","-0.366"
"2022/05/28","17:00","-0.43","-","-0.307"
"2022/05/28","18:00","-0.336","-","-0.202"
"2022/05/28","19:00","-0.193","-","-0.021"
"2022/05/28","20:00","0.003","-","0.188"
"2022/05/28","21:00","0.251","-","0.404"
"2022/05/28","22:00","0.509","-","0.612"
"2022/05/28","23:00","0.688","-","0.783"
"2022/05/29","00:00","0.705","-","0.8"
"2022/05/29","01:00","0.534","-","0.652"
"2022/05/29","02:00","0.224","-","0.372"
"2022/05/29","03:00","-0.105","-","0.042"
"2022/05/29","04:00","-0.335","-","-0.25"
"2022/05/29","05:00","-0.434","-","-0.364"
"2022/05/29","06:00","-0.442","-","-0.381"
"2022/05/29","07:00","-0.385","-","-0.312"
"2022/05/29","08:00","-0.259","-","-0.17"
"2022/05/29","09:00","-0.053","-","0.045"
"2022/05/29","10:00","0.2","-","0.319"
"2022/05/29","11:00","0.414","-","0.498"
"2022/05/29","12:00","0.493","-","0.538"
"2022/05/29","13:00","0.388","-","0.428"
"2022/05/29","14:00","0.126","-","0.182"
"2022/05/29","15:00","-0.183","-","-0.076"
"2022/05/29","16:00","-0.402","-","-0.309"
"2022/05/29","17:00","-0.462","-","-0.401"
"2022/05/29","18:00","-0.402","-","-0.339"
"2022/05/29","19:00","-0.279","-","-0.211"
"2022/05/29","20:00","-0.115","-","-0.015"
"2022/05/29","21:00","0.096","-","0.194"
"2022/05/29","22:00","0.345","-","0.427"
"2022/05/29","23:00","0.575","-","0.639"
"2022/05/30","00:00","0.699","-","0.764"
"2022/05/30","01:00","0.654","-","0.725"
"2022/05/30","02:00","0.432","-","0.523"
"2022/05/30","03:00","0.101","-","0.175"
"2022/05/30","04:00","-0.209","-","-0.136"
"2022/05/30","05:00","-0.397","-","-0.344"
"2022/05/30","06:00","-0.458","-","-0.392"
"2022/05/30","07:00","-0.437","-","-0.358"
"2022/05/30","08:00","-0.353","-","-0.269"
"2022/05/30","09:00","-0.195","-","-0.102"
"2022/05/30","10:00","0.031","-","0.1"
"2022/05/30","11:00","0.277","-","0.316"
"2022/05/30","12:00","0.452","-","0.461"
"2022/05/30","13:00","0.473","-","0.486"
"2022/05/30","14:00","0.315","-","0.354"
"2022/05/30","15:00","0.027","-","0.091"
"2022/05/30","16:00","-0.267","-","-0.187"
"2022/05/30","17:00","-0.439","-","-0.414"
"2022/05/30","18:00","-0.452","-","-0.438"
"2022/05/30","19:00","-0.36","-","-0.334"
"2022/05/30","20:00","-0.215","-","-0.14"
"2022/05/30","21:00","-0.03","-","0.067"
"2022/05/30","22:00","0.191","-","0.281"
"2022/05/30","23:00","0.425","-","0.478"
"2022/05/31","00:00","0.609","-","0.644"
"2022/05/31","01:00","0.67","-","0.709"
"2022/05/31","02:00","0.565","-","0.608"
"2022/05/31","03:00","0.307","-","0.349"
"2022/05/31","04:00","-0.019","-","0.046"
"2022/05/31","05:00","-0.291","-","-0.21"
"2022/05/31","06:00","-0.433","-","-0.355"
"2022/05/31","07:00","-0.46","-","-0.365"
"2022/05/31","08:00","-0.412","-","-0.323"
"2022/05/31","09:00","-0.297","-","-0.226"
"2022/05/31","10:00","-0.113","-","-0.042"
"2022/05/31","11:00","0.119","-","0.174"
"2022/05/31","12:00","0.338","-","0.369"
"2022/05/31","13:00","0.461","-","0.493"
"2022/05/31","14:00","0.424","-","0.469"
"2022/05/31","15:00","0.224","-","0.293"
"2022/05/31","16:00","-0.068","-","-0.01"
"2022/05/31","17:00","-0.328","-","-0.208"
"2022/05/31","18:00","-0.45","-","-0.368"
"2022/05/31","19:00","-0.424","-","-0.332"
"2022/05/31","20:00","-0.306","-","-0.239"
"2022/05/31","21:00","-0.141","-","-0.066"
"2022/05/31","22:00","0.057","-","0.163"
"2022/05/31","23:00","0.273","-","0.414"
"2022/06/01","00:00","0.475","-","0.648"
"2022/06/01","01:00","0.605","-","0.793"
"2022/06/01","02:00","0.604","-","0.79"
"2022/06/01","03:00","0.452","-","0.612"
"2022/06/01","04:00","0.181","-","0.319"
"2022/06/01","05:00","-0.12","-","0.032"
"2022/06/01","06:00","-0.345","-","-0.186"
"2022/06/01","07:00","-0.443","-","-0.243"
"2022/06/01","08:00","-0.439","-","-0.234"
"2022/06/01","09:00","-0.363","-","-0.18"
"2022/06/01","10:00","-0.223","-","-0.037"
"2022/06/01","11:00","-0.029","-","0.145"
"2022/06/01","12:00","0.191","-","0.343"
"2022/06/01","13:00","0.372","-","0.495"
"2022/06/01","14:00","0.439","-","0.556"
"2022/06/01","15:00","0.352","-","0.492"
"2022/06/01","16:00","0.13","-","0.292"
"2022/06/01","17:00","-0.146","-","-0.017"
"2022/06/01","18:00","-0.363","-","-0.257"
"2022/06/01","19:00","-0.438","-","-0.329"
"2022/06/01","20:00","-0.379","-","-0.241"
"2022/06/01","21:00","-0.241","-","-0.061"
"2022/06/01","22:00","-0.064","-","0.123"
"2022/06/01","23:00","0.132","-","0.326"
"2022/06/02","00:00","0.329","-","0.496"
"2022/06/02","01:00","0.492","-","0.63"
"2022/06/02","02:00","0.567","-","0.732"
"2022/06/02","03:00","0.514","-","0.696"
"2022/06/02","04:00","0.334","-","0.565"
"2022/06/02","05:00","0.07","-","0.271"
"2022/06/02","06:00","-0.195","-","-0.021"
"2022/06/02","07:00","-0.371","-","-0.195"
"2022/06/02","08:00","-0.428","-","-0.189"
"2022/06/02","09:00","-0.393","-","-0.157"
"2022/06/02","10:00","-0.297","-","-0.087"
"2022/06/02","11:00","-0.148","-","0.011"
"2022/06/02","12:00","0.043","-","0.269"
"2022/06/02","13:00","0.24","-","0.472"
"2022/06/02","14:00","0.378","-","0.612"
"2022/06/02","15:00","0.395","-","0.59"
"2022/06/02","16:00","0.272","-","0.436"
"2022/06/02","17:00","0.046","-","0.198"
"2022/06/02","18:00","-0.204","-","-0.023"
"2022/06/02","19:00","-0.376","-","-0.176"
"2022/06/02","20:00","-0.407","-","-0.207"
"2022/06/02","21:00","-0.319","-","-0.136"
"2022/06/02","22:00","-0.169","-","0.023"
"2022/06/02","23:00","0.004","-","0.219"
"2022/06/03","00:00","0.186","-","0.385"
"2022/06/03","01:00","0.357","-","0.567"
"2022/06/03","02:00","0.481","-","0.666"
"2022/06/03","03:00","0.508","-","0.689"
"2022/06/03","04:00","0.417","-","0.578"
"2022/06/03","05:00","0.225","-","0.372"
"2022/06/03","06:00","-0.022","-","0.145"
"2022/06/03","07:00","-0.247","-","-0.079"
"2022/06/03","08:00","-0.374","-","-0.175"
"2022/06/03","09:00","-0.391","-","-0.127"
"2022/06/03","10:00","-0.334","-","-0.163"
"2022/06/03","11:00","-0.231","-","-0.094"
"2022/06/03","12:00","-0.084","-","0.098"
"2022/06/03","13:00","0.096","-","0.325"
"2022/06/03","14:00","0.268","-","0.552"
"2022/06/03","15:00","0.366","-","0.634"
"2022/06/03","16:00","0.343","-","0.537"
"2022/06/03","17:00","0.198","-","0.388"
"2022/06/03","18:00","-0.023","-","0.141"
"2022/06/03","19:00","-0.243","-","-0.022"
"2022/06/03","20:00","-0.368","-","-0.104"
"2022/06/03","21:00","-0.358","-","-0.085"
"2022/06/03","22:00","-0.252","-","0.042"
"2022/06/03","23:00","-0.107","-","0.161"
"2022/06/04","00:00","0.052","-","0.294"
"2022/06/04","01:00","0.217","-","0.427"
"2022/06/04","02:00","0.365","-","0.567"
"2022/06/04","03:00","0.454","-","0.675"
"2022/06/04","04:00","0.443","-","0.692"
"2022/06/04","05:00","0.326","-","0.57"
"2022/06/04","06:00","0.129","-","0.325"
"2022/06/04","07:00","-0.098","-","0.072"
"2022/06/04","08:00","-0.279","-","-0.081"
"2022/06/04","09:00","-0.358","-","-0.142"
"2022/06/04","10:00","-0.343","-","-0.121"
"2022/06/04","11:00","-0.279","-","-0.082"
"2022/06/04","12:00","-0.179","-","0.047"
"2022/06/04","13:00","-0.035","-","0.181"
"2022/06/04","14:00","0.137","-","0.361"
"2022/06/04","15:00","0.287","-","0.494"
"2022/06/04","16:00","0.352","-","0.556"
"2022/06/04","17:00","0.297","-","0.496"
"2022/06/04","18:00","0.138","-","0.341"
"2022/06/04","19:00","-0.076","-","0.127"
"2022/06/04","20:00","-0.262","-","-0.06"
"2022/06/04","21:00","-0.341","-","-0.14"
"2022/06/04","22:00","-0.301","-","-0.096"
"2022/06/04","23:00","-0.195","-","0.026"
"2022/06/05","00:00","-0.066","-","0.151"
"2022/06/05","01:00","0.079","-","0.281"
"2022/06/05","02:00","0.232","-","0.419"
"2022/06/05","03:00","0.362","-","0.528"
"2022/06/05","04:00","0.424","-","0.603"
"2022/06/05","05:00","0.383","-","0.604"
"2022/06/05","06:00","0.244","-","0.463"
"2022/06/05","07:00","0.044","-","0.2"
"2022/06/05","08:00","-0.159","-","-0.051"
"2022/06/05","09:00","-0.296","-","-0.183"
"2022/06/05","10:00","-0.334","-","-0.185"
"2022/06/05","11:00","-0.305","-","-0.139"
"2022/06/05","12:00","-0.242","-","-0.066"
"2022/06/05","13:00","-0.142","-","0.043"
"2022/06/05","14:00","0.006","-","0.186"
"2022/06/05","15:00","0.176","-","0.37"
"2022/06/05","16:00","0.311","-","0.487"
"2022/06/05","17:00","0.349","-","0.516"
"2022/06/05","18:00","0.266","-","0.449"
"2022/06/05","19:00","0.092","-","0.277"
"2022/06/05","20:00","-0.109","-","0.076"
"2022/06/05","21:00","-0.26","-","-0.109"
"2022/06/05","22:00","-0.305","-","-0.18"
"2022/06/05","23:00","-0.256","-","-0.108"
"2022/06/06","00:00","-0.163","-","-0.011"
"2022/06/06","01:00","-0.05","-","0.116"
"2022/06/06","02:00","0.088","-","0.253"
"2022/06/06","03:00","0.238","-","0.385"
"2022/06/06","04:00","0.36","-","0.527"
"2022/06/06","05:00","0.401","-","0.578"
"2022/06/06","06:00","0.331","-","0.516"
"2022/06/06","07:00","0.17","-","0.355"
"2022/06/06","08:00","-0.029","-","0.102"
"2022/06/06","09:00","-0.205","-","-0.105"
"2022/06/06","10:00","-0.305","-","-0.16"
"2022/06/06","11:00","-0.321","-","-0.16"
"2022/06/06","12:00","-0.287","-","-0.136"
"2022/06/06","13:00","-0.222","-","-0.08"
"2022/06/06","14:00","-0.111","-","0.035"
"2022/06/06","15:00","0.051","-","0.179"
"2022/06/06","16:00","0.227","-","0.373"
"2022/06/06","17:00","0.351","-","0.486"
"2022/06/06","18:00","0.361","-","0.528"
"2022/06/06","19:00","0.25","-","0.438"
"2022/06/06","20:00","0.066","-","0.219"
"2022/06/06","21:00","-0.121","-","0.003"
"2022/06/06","22:00","-0.247","-","-0.155"
"2022/06/06","23:00","-0.28","-","-0.175"
"2022/06/07","00:00","-0.239","-","-0.122"
"2022/06/07","01:00","-0.163","-","-0.008"
"2022/06/07","02:00","-0.056","-","0.103"
"2022/06/07","03:00","0.088","-","0.236"
"2022/06/07","04:00","0.246","-","0.353"
"2022/06/07","05:00","0.364","-","0.47"
"2022/06/07","06:00","0.384","-","0.497"
"2022/06/07","07:00","0.285","-","0.424"
"2022/06/07","08:00","0.108","-","0.248"
"2022/06/07","09:00","-0.085","-","0.039"
"2022/06/07","10:00","-0.241","-","-0.131"
"2022/06/07","11:00","-0.323","-","-0.192"
"2022/06/07","12:00","-0.33","-","-0.188"
"2022/06/07","13:00","-0.291","-","-0.15"
"2022/06/07","14:00","-0.213","-","-0.086"
"2022/06/07","15:00","-0.077","-","0.035"
"2022/06/07","16:00","0.11","-","0.238"
"2022/06/07","17:00","0.298","-","0.455"
"2022/06/07","18:00","0.409","-","0.566"
"2022/06/07","19:00","0.39","-","0.544"
"2022/06/07","20:00","0.255","-","0.408"
"2022/06/07","21:00","0.066","-","0.21"
"2022/06/07","22:00","-0.118","-","0.003"
"2022/06/07","23:00","-0.242","-","-0.126"
"2022/06/08","00:00","-0.283","-","-0.157"
"2022/06/08","01:00","-0.257","-","-0.106"
"2022/06/08","02:00","-0.189","-","-0.029"
"2022/06/08","03:00","-0.075","-","0.078"
"2022/06/08","04:00","0.086","-","0.223"
"2022/06/08","05:00","0.258","-","0.371"
"2022/06/08","06:00","0.373","-","0.511"
"2022/06/08","07:00","0.372","-","0.572"
"2022/06/08","08:00","0.252","-","0.503"
"2022/06/08","09:00","0.067","-","0.311"
"2022/06/08","10:00","-0.126","-","0.118"
"2022/06/08","11:00","-0.28","-","-0.021"
"2022/06/08","12:00","-0.359","-","-0.116"
"2022/06/08","13:00","-0.361","-","-0.128"
"2022/06/08","14:00","-0.308","-","-0.095"
"2022/06/08","15:00","-0.202","-","-0.008"
"2022/06/08","16:00","-0.03","-","0.154"
"2022/06/08","17:00","0.188","-","0.345"
"2022/06/08","18:00","0.385","-","0.526"
"2022/06/08","19:00","0.48","-","0.652"
"2022/06/08","20:00","0.438","-","0.625"
"2022/06/08","21:00","0.287","-","0.49"
"2022/06/08","22:00","0.083","-","0.258"
"2022/06/08","23:00","-0.117","-","0.012"
"2022/06/09","00:00","-0.261","-","-0.148"
"2022/06/09","01:00","-0.319","-","-0.18"
"2022/06/09","02:00","-0.304","-","-0.136"
"2022/06/09","03:00","-0.233","-","-0.025"
"2022/06/09","04:00","-0.101","-","0.101"
"2022/06/09","05:00","0.085","-","0.243"
"2022/06/09","06:00","0.272","-","0.428"
"2022/06/09","07:00","0.385","-","0.534"
"2022/06/09","08:00","0.372","-","0.549"
"2022/06/09","09:00","0.243","-","0.471"
"2022/06/09","10:00","0.047","-","0.293"
"2022/06/09","11:00","-0.163","-","0.103"
"2022/06/09","12:00","-0.332","-","-0.035"
"2022/06/09","13:00","-0.414","-","-0.026"
"2022/06/09","14:00","-0.404","-","-0.033"
"2022/06/09","15:00","-0.326","-","0.009"
"2022/06/09","16:00","-0.182","-","0.098"
"2022/06/09","17:00","0.032","-","0.265"
"2022/06/09","18:00","0.277","-","0.51"
"2022/06/09","19:00","0.478","-","0.709"
"2022/06/09","20:00","0.564","-","0.82"
"2022/06/09","21:00","0.509","-","0.773"
"2022/06/09","22:00","0.338","-","0.6"
"2022/06/09","23:00","0.103","-","0.327"
"2022/06/10","00:00","-0.135","-","0.052"
"2022/06/10","01:00","-0.308","-","-0.153"
"2022/06/10","02:00","-0.382","-","-0.213"
"2022/06/10","03:00","-0.369","-","-0.195"
"2022/06/10","04:00","-0.285","-","-0.115"
"2022/06/10","05:00","-0.126","-","0.018"
"2022/06/10","06:00","0.085","-","0.198"
"2022/06/10","07:00","0.286","-","0.398"
"2022/06/10","08:00","0.405","-","0.551"
"2022/06/10","09:00","0.395","-","0.555"
"2022/06/10","10:00","0.258","-","0.426"
"2022/06/10","11:00","0.036","-","0.208"
"2022/06/10","12:00","-0.207","-","-0.025"
"2022/06/10","13:00","-0.397","-","-0.216"
"2022/06/10","14:00","-0.478","-","-0.294"
"2022/06/10","15:00","-0.449","-","-0.263"
"2022/06/10","16:00","-0.337","-","-0.173"
"2022/06/10","17:00","-0.15","-","-0.019"
"2022/06/10","18:00","0.099","-","0.203"
"2022/06/10","19:00","0.365","-","0.501"
"2022/06/10","20:00","0.576","-","0.746"
"2022/06/10","21:00","0.664","-","0.86"
"2022/06/10","22:00","0.596","-","0.762"
"2022/06/10","23:00","0.392","-","0.529"
"2022/06/11","00:00","0.106","-","0.214"
"2022/06/11","01:00","-0.178","-","-0.066"
"2022/06/11","02:00","-0.378","-","-0.249"
"2022/06/11","03:00","-0.459","-","-0.311"
"2022/06/11","04:00","-0.437","-","-0.293"
"2022/06/11","05:00","-0.332","-","-0.227"
"2022/06/11","06:00","-0.149","-","-0.087"
"2022/06/11","07:00","0.084","-","0.137"
"2022/06/11","08:00","0.308","-","0.392"
"2022/06/11","09:00","0.447","-","0.55"
"2022/06/11","10:00","0.442","-","0.57"
"2022/06/11","11:00","0.284","-","0.42"
"2022/06/11","12:00","0.022","-","0.15"
"2022/06/11","13:00","-0.261","-","-0.13"
"2022/06/11","14:00","-0.47","-","-0.347"
"2022/06/11","15:00","-0.542","-","-0.415"
"2022/06/11","16:00","-0.485","-","-0.348"
"2022/06/11","17:00","-0.337","-","-0.223"
"2022/06/11","18:00","-0.116","-","-0.015"
"2022/06/11","19:00","0.159","-","0.268"
"2022/06/11","20:00","0.449","-","0.555"
"2022/06/11","21:00","0.68","-","0.786"
"2022/06/11","22:00","0.772","-","0.896"
"2022/06/11","23:00","0.681","-","0.785"
"2022/06/12","00:00","0.428","-","0.543"
"2022/06/12","01:00","0.086","-","0.206"
"2022/06/12","02:00","-0.24","-","-0.136"
"2022/06/12","03:00","-0.455","-","-0.323"
"2022/06/12","04:00","-0.531","-","-0.39"
"2022/06/12","05:00","-0.495","-","-0.399"
"2022/06/12","06:00","-0.372","-","-0.287"
"2022/06/12","07:00","-0.169","-","-0.083"
"2022/06/12","08:00","0.091","-","0.185"
"2022/06/12","09:00","0.348","-","0.469"
"2022/06/12","10:00","0.511","-","0.604"
"2022/06/12","11:00","0.5","-","0.579"
"2022/06/12","12:00","0.308","-","0.4"
"2022/06/12","13:00","-0.002","-","0.097"
"2022/06/12","14:00","-0.323","-","-0.217"
"2022/06/12","15:00","-0.539","-","-0.434"
"2022/06/12","16:00","-0.593","-","-0.502"
"2022/06/12","17:00","-0.507","-","-0.411"
"2022/06/12","18:00","-0.332","-","-0.283"
"2022/06/12","19:00","-0.09","-","-0.027"
"2022/06/12","20:00","0.211","-","0.279"
"2022/06/12","21:00","0.53","-","0.657"
"2022/06/12","22:00","0.783","-","0.886"
"2022/06/12","23:00","0.869","-","0.968"